IDpol,ClaimNb,Exposure,Area,VehPower,VehAge,DrivAge,BonusMalus,VehBrand,VehGas,Density,Region
1,1,0.1,D,5,0,55,50,B12,Regular,1217,R82
3,1,0.77,D,5,0,55,50,B12,Regular,1217,R82
5,1,0.75,B,6,2,52,50,B12,Diesel,54,R22
10,1,0.09,B,7,0,46,50,B12,Diesel,76,R72
11,1,0.84,B,7,0,46,50,B12,Diesel,76,R72
13,1,0.52,E,6,2,38,50,B12,Regular,3003,R31
15,1,0.45,E,6,2,38,50,B12,Regular,3003,R31
17,1,0.27,C,7,0,33,68,B12,Diesel,137,R91
18,1,0.71,C,7,0,33,68,B12,Diesel,137,R91
21,1,0.15,B,7,0,41,50,B12,Diesel,60,R52
25,1,0.75,B,7,0,41,50,B12,Diesel,60,R52
27,1,0.87,C,7,0,56,50,B12,Diesel,173,R93
30,1,0.81,D,4,1,27,90,B12,Regular,695,R72
32,1,0.05,D,4,0,27,90,B12,Regular,695,R72
35,1,0.76,E,4,9,23,100,B6,Regular,7887,R31
36,1,0.34,F,9,0,44,76,B12,Regular,27000,R11
38,1,0.1,A,6,2,32,56,B12,Diesel,23,R24
42,1,0.77,A,6,2,32,56,B12,Diesel,23,R24
44,1,0.74,A,6,2,55,50,B12,Regular,37,R94
45,1,0.1,A,6,2,55,50,B12,Regular,37,R94
47,1,0.03,A,6,2,55,50,B12,Regular,37,R94
49,2,0.81,E,7,0,73,50,B12,Regular,3317,R93
50,1,0.06,E,7,0,73,50,B12,Regular,3317,R93
52,1,0.1,B,6,8,27,76,B3,Diesel,85,R93
53,1,0.55,D,5,0,33,100,B12,Regular,1746,R11
54,1,0.19,D,5,0,33,100,B12,Regular,1746,R11
55,1,0.01,D,5,0,33,100,B12,Regular,1746,R11
58,1,0.03,C,5,0,59,50,B12,Regular,455,R91
59,1,0.79,C,5,0,59,50,B12,Regular,455,R91
60,2,0.04,C,5,0,59,50,B12,Regular,455,R91
62,1,0.87,D,5,0,54,50,B12,Regular,781,R31
65,1,0.87,D,15,0,44,71,B12,Diesel,1110,R94
67,1,0.8,D,5,0,69,52,B12,Regular,1376,R11
68,1,0.07,D,5,0,69,52,B12,Regular,1376,R11
72,1,0.39,D,4,0,23,85,B12,Regular,533,R93
73,1,0.47,D,4,0,23,85,B12,Regular,533,R93
77,1,0.69,A,6,0,60,51,B12,Diesel,12,R83
78,1,0.16,A,6,0,60,51,B12,Diesel,12,R83
80,1,0.12,E,9,0,43,50,B12,Regular,7752,R11
82,1,0.76,E,9,0,43,50,B12,Regular,7752,R11
84,1,0.81,E,8,0,50,54,B12,Regular,3545,R11
86,1,0.05,E,8,0,50,54,B12,Regular,3545,R11
88,1,0.16,E,10,8,30,80,B12,Regular,3661,R11
90,1,0.71,E,10,8,30,80,B12,Regular,3661,R11
92,1,0.41,B,4,0,30,80,B12,Regular,77,R93
94,1,0.46,B,4,0,30,80,B12,Regular,77,R93
96,1,0.07,C,5,0,52,50,B12,Regular,162,R93
97,1,0.82,C,5,0,52,50,B12,Regular,162,R93
100,1,0.87,C,5,0,73,50,B12,Regular,174,R31
102,2,0.75,C,5,0,33,66,B12,Regular,151,R82
104,1,0.11,C,5,0,33,66,B12,Regular,151,R82
107,1,0.08,C,9,0,45,50,B12,Regular,120,R83
108,1,0.02,C,9,0,45,50,B12,Regular,120,R83
109,1,0.77,C,9,0,45,50,B12,Regular,120,R83
112,1,0.1,E,9,4,40,72,B12,Regular,3366,R11
113,1,0.84,E,9,4,40,72,B12,Regular,3366,R11
115,1,0.72,D,5,0,45,50,B12,Regular,965,R54
117,1,0.14,D,5,0,45,50,B12,Regular,965,R54
120,1,0.79,C,6,0,37,55,B12,Diesel,303,R11
121,1,0.05,C,6,0,37,55,B12,Diesel,303,R11
122,1,0.07,C,6,0,37,55,B12,Diesel,303,R11
124,1,0.5,B,5,1,28,68,B3,Diesel,85,R26
127,1,0.02,B,7,1,28,72,B12,Regular,85,R26
129,1,0.34,B,7,1,28,68,B12,Regular,85,R26
133,1,0.87,B,4,0,67,50,B12,Regular,87,R22
137,1,0.92,E,4,0,62,50,B12,Regular,8549,R82
139,1,0.75,F,7,1,61,50,B12,Regular,27000,R11
142,1,0.9,C,10,10,42,50,B12,Diesel,116,R93
145,1,0.81,A,6,0,62,90,B12,Regular,49,R53
147,1,0.05,A,6,0,62,90,B12,Regular,49,R53
148,1,0.12,C,5,0,55,50,B12,Regular,480,R22
149,1,0.06,C,5,0,55,50,B12,Regular,480,R22
150,1,0.11,C,15,0,51,50,B12,Diesel,480,R22
151,2,0.04,C,15,0,55,50,B12,Diesel,480,R22
153,1,0.74,C,7,0,59,50,B12,Regular,364,R73
155,1,0.12,C,7,0,59,50,B12,Regular,364,R73
158,1,0.07,D,7,0,51,50,B12,Regular,721,R93
159,1,0.79,D,7,0,51,50,B12,Regular,721,R93
161,1,0.81,E,5,0,53,50,B12,Regular,3430,R93
163,1,0.05,E,5,0,53,50,B12,Regular,3430,R93
166,1,0.09,E,4,0,55,50,B12,Regular,2715,R93
167,1,0.77,E,4,0,55,50,B12,Regular,2715,R93
170,1,0.87,F,10,0,31,72,B12,Diesel,27000,R11
173,1,0.87,D,5,0,65,50,B12,Regular,645,R91
175,1,0.78,B,6,1,47,53,B2,Regular,93,R91
178,1,0.04,B,6,1,47,53,B2,Regular,93,R91
179,1,0.03,B,6,1,47,53,B2,Regular,93,R91
181,1,0.69,E,5,8,46,52,B5,Regular,3023,R11
183,1,0.12,E,5,8,46,52,B5,Regular,3023,R11
184,1,0.04,E,5,8,46,52,B5,Regular,3023,R11
186,1,0.83,C,5,0,75,50,B12,Regular,215,R42
188,1,0.03,C,5,0,75,50,B12,Regular,215,R42
189,1,0.55,B,12,5,50,60,B12,Diesel,56,R25
190,1,0.14,B,12,5,50,60,B12,Diesel,56,R25
193,1,0.77,A,7,4,39,50,B10,Diesel,30,R72
194,1,0.09,A,7,4,39,50,B10,Diesel,30,R72
195,1,0.14,E,10,0,67,95,B12,Diesel,5460,R11
196,1,0.67,D,5,0,22,90,B12,Regular,1324,R11
197,1,0.13,E,4,0,39,100,B12,Regular,6736,R11
6113931,0,0.03,E,4,0,69,50,B12,Regular,3214,R83
6113932,0,0.14,F,11,0,56,80,B12,Diesel,17140,R11
6113933,0,0.14,E,4,0,62,50,B12,Regular,3317,R93
6113934,0,0.05,D,4,0,57,50,B12,Regular,752,R11
6113935,0,0.08,D,4,0,57,50,B12,Regular,752,R11
6113936,0,0.13,E,4,0,56,50,B12,Regular,5433,R93
6113937,0,0.14,D,13,0,36,50,B12,Regular,1287,R72
6113938,0,0.08,E,4,4,23,80,B2,Diesel,8549,R82
6113939,0,0.05,E,4,4,23,80,B2,Diesel,8549,R82
6113940,0,0.14,E,13,10,35,100,B12,Regular,3098,R31
6113941,0,0.1,B,4,0,81,100,B12,Regular,96,R54
6113942,0,0.03,B,4,0,81,100,B12,Regular,96,R54
6113943,0,0.03,D,10,0,42,90,B12,Diesel,793,R11
6113944,0,0.02,D,10,0,42,90,B12,Diesel,793,R11
6113945,0,0.07,D,10,0,42,90,B12,Diesel,793,R11
6113946,0,0.14,E,4,1,39,100,B12,Diesel,3963,R91
6113947,0,0.14,E,7,5,31,57,B12,Diesel,8023,R11
6113948,0,0.14,E,11,1,76,50,B12,Regular,3430,R93
6113949,0,0.13,A,4,0,38,80,B12,Regular,14,R72
6113950,0,0.08,F,4,0,45,50,B12,Regular,17140,R11
6113951,0,0.05,F,4,0,45,50,B12,Regular,17140,R11
6113952,0,0.13,E,4,0,24,95,B12,Regular,3852,R11
6113953,0,0.05,C,11,0,65,50,B12,Diesel,233,R21
6113954,0,0.08,C,11,0,65,50,B12,Diesel,233,R21
6113955,0,0.09,A,12,1,47,50,B12,Diesel,35,R93
6113956,0,0.02,A,12,1,47,50,B12,Diesel,35,R93
6113957,0,0.07,D,7,2,39,85,B12,Diesel,913,R25
6113958,0,0.06,D,7,2,39,85,B12,Diesel,913,R25
6113959,0,0.08,D,4,0,39,50,B12,Regular,902,R31
6113960,0,0.05,D,4,0,39,50,B12,Regular,902,R31
6113961,0,0.1,C,8,2,40,65,B3,Diesel,230,R82
6113962,0,0.03,C,8,2,40,65,B3,Diesel,230,R82
6113963,0,0.13,E,10,3,32,76,B12,Regular,6689,R11
6113964,0,0.002739726,E,4,0,44,50,B12,Regular,3317,R93
6113965,0,0.02,E,4,0,44,50,B12,Regular,3317,R93
6113966,0,0.05,E,4,0,44,50,B12,Regular,3317,R93
6113967,0,0.05,E,4,0,44,50,B12,Regular,3317,R93
6113968,0,0.08,E,4,7,29,100,B12,Regular,9484,R11
6113969,0,0.04,F,5,1,35,80,B12,Diesel,18229,R11
6113970,0,0.08,F,5,1,35,80,B12,Diesel,18229,R11
6113971,1,0.13,D,7,10,39,50,B4,Regular,820,R41
6113972,0,0.04,E,5,0,71,50,B12,Diesel,2674,R93
6113973,0,0.08,E,5,0,71,50,B12,Diesel,2674,R93
6113974,0,0.12,D,4,0,76,50,B12,Regular,1541,R91
6113975,0,0.12,D,6,10,27,118,B1,Diesel,1978,R31
6113976,0,0.12,B,4,0,29,100,B12,Regular,65,R93
6113977,0,0.06,C,5,1,56,50,B12,Diesel,151,R93
6113978,0,0.05,C,5,1,56,50,B12,Diesel,151,R93
6113979,0,0.05,F,4,0,26,100,B12,Regular,12374,R11
6113980,0,0.06,F,4,0,26,100,B12,Regular,12374,R11
6113981,0,0.03,C,11,0,59,50,B12,Diesel,388,R93
6113982,0,0.08,C,11,0,59,50,B12,Diesel,388,R93
6113983,0,0.08,F,4,1,31,76,B12,Regular,16284,R11
6113984,0,0.05,A,5,4,50,85,B12,Diesel,10,R24
6113985,0,0.07,A,5,4,50,85,B12,Diesel,10,R24
6113986,0,0.12,E,8,3,47,50,B12,Diesel,7306,R11
6113987,0,0.12,C,4,0,61,50,B12,Regular,373,R83
6113988,0,0.06,D,7,4,42,50,B12,Diesel,1381,R82
6113989,0,0.06,D,7,4,42,50,B12,Diesel,1381,R82
6113990,0,0.03,C,12,1,24,85,B12,Regular,215,R93
6113991,0,0.08,C,12,1,24,85,B12,Regular,215,R93
6113992,0,0.12,B,9,1,23,80,B4,Diesel,81,R73
6113993,0,0.06,D,4,0,60,50,B12,Regular,912,R41
6113994,0,0.05,D,4,0,60,50,B12,Regular,912,R41
6113995,0,0.05,C,5,6,24,125,B2,Regular,328,R93
6113996,0,0.06,C,5,6,24,125,B2,Regular,328,R93
6113997,0,0.1,C,5,4,49,50,B12,Diesel,107,R91
6113998,0,0.12,E,4,5,34,50,B12,Regular,2446,R93
6113999,0,0.09,C,4,0,53,50,B12,Regular,108,R11
6114000,0,0.12,D,4,0,73,50,B12,Regular,674,R11
6114001,0,0.01,C,11,4,62,50,B12,Diesel,288,R82
6114002,0,0.1,C,11,4,62,50,B12,Diesel,288,R82
6114003,0,0.07,E,9,5,28,68,B12,Regular,3663,R11
6114004,0,0.04,E,9,5,28,68,B12,Regular,3663,R11
6114005,0,0.12,D,4,2,24,95,B12,Regular,1005,R93
6114006,0,0.12,A,8,4,74,50,B12,Diesel,20,R82
6114007,0,0.06,D,4,0,24,76,B12,Regular,1214,R31
6114008,0,0.05,D,4,0,24,76,B12,Regular,1214,R31
6114009,0,0.11,C,4,0,70,50,B12,Regular,458,R93
6114010,0,0.11,D,6,10,21,100,B12,Regular,1287,R72
6114011,0,0.11,D,7,1,64,100,B12,Diesel,1793,R73
6114012,0,0.1,B,7,4,22,100,B12,Diesel,51,R72
6114013,0,0.05,A,10,15,28,57,B12,Diesel,23,R74
6114014,0,0.06,A,10,15,28,57,B12,Diesel,23,R74
6114015,0,0.04,D,4,0,38,50,B12,Regular,721,R93
6114016,0,0.06,D,4,0,38,50,B12,Regular,721,R93
6114017,0,0.08,E,4,0,42,52,B12,Regular,2365,R31
6114018,0,0.02,E,4,0,42,52,B12,Regular,2365,R31
6114019,0,0.11,E,8,1,60,75,B12,Diesel,3023,R11
6114020,0,0.1,E,7,4,52,53,B12,Diesel,3744,R93
6114021,0,0.1,C,7,0,51,63,B12,Diesel,476,R82
6114022,0,0.04,C,8,0,52,50,B12,Diesel,351,R23
6114023,0,0.06,C,8,0,52,50,B12,Diesel,351,R23
6114024,0,0.1,D,4,0,63,50,B12,Regular,1430,R11
6114025,0,0.1,C,4,0,44,50,B12,Regular,133,R82
6114026,0,0.1,C,4,7,35,50,B12,Regular,392,R94
6114027,0,0.1,D,13,0,60,80,B12,Regular,1976,R93
6114028,0,0.08,D,10,2,44,50,B12,Regular,595,R93
6114029,0,0.1,C,13,0,33,72,B12,Regular,155,R11
6114030,0,0.03,F,6,4,42,100,B12,Regular,27000,R11
6114031,0,0.01,F,6,4,42,100,B12,Regular,27000,R11
6114032,0,0.04,F,6,4,42,100,B12,Regular,27000,R11
6114033,0,0.1,D,8,6,49,50,B3,Regular,645,R94
6114034,0,0.03,B,11,3,41,50,B12,Diesel,69,R82
6114035,0,0.07,B,11,3,41,50,B12,Diesel,69,R82
6114036,0,0.1,C,8,7,34,50,B2,Regular,179,R82
6114037,0,0.05,E,4,0,75,50,B12,Regular,3744,R93
6114038,0,0.04,E,4,0,75,50,B12,Regular,3744,R93
6114039,0,0.1,D,8,1,47,50,B12,Diesel,721,R93
6114040,0,0.005479452,E,4,0,45,100,B12,Regular,2019,R11
6114041,0,0.05,E,4,0,45,100,B12,Regular,2019,R11
6114042,0,0.03,C,8,2,35,50,B12,Diesel,370,R82
6114043,0,0.07,C,8,2,35,50,B12,Diesel,370,R82
6114044,0,0.08,C,13,0,64,50,B12,Regular,111,R25
6114045,0,0.01,C,13,0,64,50,B12,Regular,111,R25
6114046,0,0.1,C,9,8,40,66,B12,Regular,269,R91
6114047,0,0.03,F,11,2,44,55,B12,Regular,27000,R11
6114048,0,0.06,F,11,2,44,55,B12,Regular,27000,R11
6114049,0,0.1,A,11,0,47,76,B12,Diesel,24,R93
6114050,0,0.1,D,7,0,54,50,B12,Diesel,1199,R52
6114051,0,0.1,E,4,1,40,95,B12,Regular,2699,R11
6114052,0,0.02,C,13,0,47,50,B12,Regular,221,R72
6114053,0,0.07,C,13,0,47,50,B12,Regular,221,R72
6114054,0,0.08,E,7,0,43,57,B12,Regular,8915,R11
6114055,0,0.01,E,7,0,43,57,B12,Regular,8915,R11
6114056,0,0.05,D,4,2,56,72,B12,Diesel,745,R82
6114057,0,0.08,C,4,1,39,50,B12,Diesel,343,R93
6114058,0,0.08,C,5,2,38,50,B2,Regular,465,R11
6114059,0,0.09,C,4,0,32,62,B12,Regular,473,R11
6114060,0,0.09,D,4,0,39,57,B12,Regular,534,R73
6114061,0,0.02,F,4,0,28,100,B12,Regular,27000,R11
6114062,0,0.06,F,4,0,28,100,B12,Regular,27000,R11
6114063,0,0.01,C,7,5,38,76,B12,Diesel,373,R41
6114064,0,0.07,C,7,5,38,76,B12,Diesel,373,R41
6114065,0,0.04,A,7,1,68,50,B12,Diesel,16,R26
6114066,0,0.04,A,7,1,68,50,B12,Diesel,16,R26
6114067,0,0.03,E,5,1,30,85,B12,Diesel,2472,R82
6114068,0,0.05,E,5,1,30,85,B12,Diesel,2472,R82
6114069,0,0.09,D,4,2,33,50,B6,Diesel,1421,R11
6114070,0,0.07,E,4,1,70,50,B12,Regular,6913,R11
6114071,0,0.09,C,7,1,38,50,B12,Diesel,478,R41
6114072,0,0.06,E,5,5,38,50,B12,Regular,4348,R72
6114073,0,0.01,E,5,5,38,50,B12,Regular,4348,R72
6114074,0,0.08,C,5,5,25,90,B12,Regular,316,R93
6114075,0,0.09,D,4,0,48,50,B12,Regular,1171,R11
6114076,0,0.03,C,4,0,59,50,B12,Regular,134,R91
6114077,0,0.06,C,4,0,59,50,B12,Regular,134,R91
6114078,0,0.08,F,8,1,40,54,B12,Regular,27000,R11
6114079,0,0.07,C,13,1,64,50,B12,Regular,118,R93
6114080,0,0.008219178,E,7,3,52,68,B12,Diesel,3173,R11
6114081,0,0.08,E,15,2,52,50,B12,Regular,4762,R93
6114082,0,0.06,E,4,0,76,50,B12,Regular,2575,R52
6114083,0,0.01,E,4,0,76,50,B12,Regular,2575,R52
6114084,0,0.005479452,E,4,0,76,50,B12,Regular,2575,R52
6114085,0,0.08,C,10,1,59,50,B12,Regular,102,R93
6114086,0,0.08,B,5,0,42,80,B12,Diesel,53,R54
6114087,0,0.08,D,7,0,65,50,B12,Diesel,1341,R21
6114088,0,0.02,E,6,4,26,95,B12,Regular,2139,R11
6114089,0,0.05,E,6,4,26,95,B12,Regular,2139,R11
6114090,0,0.08,D,5,7,42,50,B2,Regular,966,R26
6114091,0,0.08,D,7,10,35,72,B13,Regular,645,R94
6114092,0,0.07,C,5,5,19,100,B12,Regular,237,R82
6114093,0,0.01,D,4,1,56,50,B12,Regular,1130,R82
6114094,0,0.06,D,4,1,56,50,B12,Regular,1130,R82
6114095,0,0.08,C,4,0,60,50,B12,Regular,206,R11
6114096,0,0.07,E,10,4,38,50,B12,Regular,2663,R11
6114097,0,0.07,F,5,1,51,100,B12,Regular,27000,R11
6114098,0,0.07,B,4,15,52,54,B2,Regular,80,R82
6114099,0,0.06,E,11,0,56,50,B12,Diesel,3856,R11
6114100,0,0.06,E,11,0,60,50,B12,Diesel,2190,R11
6114101,0,0.01,E,11,0,60,50,B12,Diesel,2190,R11
6114102,0,0.06,D,5,1,39,53,B3,Diesel,778,R22
6114103,0,0.07,D,4,0,40,95,B12,Regular,1541,R91
6114104,0,0.07,E,4,0,68,50,B12,Regular,4456,R72
6114105,0,0.06,E,4,1,51,76,B12,Regular,9307,R82
6114106,0,0.04,E,10,0,60,50,B12,Diesel,2375,R11
6114107,0,0.005479452,E,10,0,60,50,B12,Diesel,2375,R11
6114108,0,0.06,E,15,1,36,50,B12,Regular,3744,R93
6114109,0,0.02,E,5,2,25,100,B12,Regular,4982,R23
6114110,0,0.04,E,5,2,25,100,B12,Regular,4982,R23
6114111,0,0.01,B,12,1,56,50,B12,Diesel,69,R93
6114112,0,0.08,B,12,1,56,50,B12,Diesel,69,R93
6114113,0,0.04,E,4,2,23,74,B12,Regular,8549,R82
6114114,0,0.02,E,4,2,23,74,B12,Regular,8549,R82
6114115,0,0.06,E,11,0,75,50,B12,Diesel,2375,R11
6114116,0,0.07,A,10,6,34,57,B12,Regular,46,R52
6114117,0,0.07,D,5,0,53,54,B12,Regular,1445,R72
6114118,0,0.05,E,12,2,34,50,B12,Diesel,3274,R11
6114119,0,0.01,E,12,2,34,50,B12,Diesel,3274,R11
6114120,0,0.06,D,11,2,60,50,B12,Regular,987,R93
6114121,0,0.06,C,4,0,58,76,B12,Regular,342,R93
6114122,0,0.06,E,4,9,34,76,B1,Regular,6681,R11
6114123,0,0.03,E,5,0,70,50,B12,Diesel,3110,R11
6114124,0,0.03,E,5,0,70,50,B12,Diesel,3110,R11
6114125,0,0.06,C,4,0,29,54,B12,Regular,105,R91
6114126,0,0.04,C,11,6,40,50,B12,Diesel,349,R82
6114127,0,0.06,C,4,0,63,57,B12,Regular,237,R93
6114128,0,0.06,E,4,0,42,50,B12,Regular,4087,R53
6114129,0,0.03,D,8,3,46,50,B12,Diesel,889,R82
6114130,0,0.03,D,8,3,46,50,B12,Diesel,889,R82
6114131,0,0.06,E,4,0,62,60,B12,Regular,4982,R23
6114132,0,0.05,E,10,1,44,50,B12,Regular,5410,R11
6114133,0,0.06,D,6,5,54,50,B12,Regular,1811,R73
6114134,0,0.04,C,4,0,27,60,B12,Regular,329,R31
6114135,0,0.01,C,4,0,27,60,B12,Regular,329,R31
6114136,0,0.06,D,7,5,75,50,B3,Diesel,593,R82
6114137,0,0.06,C,8,1,57,54,B12,Diesel,203,R72
6114138,0,0.06,E,10,4,26,90,B12,Regular,7259,R31
6114139,0,0.01,E,9,5,24,80,B12,Regular,2191,R26
6114140,0,0.06,E,9,5,24,80,B12,Regular,2191,R26
6114141,0,0.06,A,4,1,54,50,B12,Regular,16,R73
6114142,0,0.04,C,5,1,31,90,B12,Diesel,386,R82
6114143,0,0.03,D,4,0,48,100,B12,Regular,1541,R91
6114144,0,0.03,D,4,0,48,100,B12,Regular,1541,R91
6114145,0,0.06,D,4,15,37,50,B1,Regular,1767,R31
6114146,0,0.06,E,8,2,49,50,B12,Diesel,2674,R93
6114147,0,0.05,A,11,2,50,50,B12,Diesel,22,R26
6114148,0,0.008219178,A,11,2,50,50,B12,Diesel,22,R26
6114149,0,0.06,B,8,0,40,52,B12,Regular,82,R82
6114150,0,0.06,D,4,15,69,50,B1,Regular,1541,R91
6114151,0,0.06,E,4,0,26,68,B12,Regular,3184,R11
6114152,0,0.06,D,4,1,73,54,B12,Regular,721,R93
6114153,0,0.06,F,8,0,41,90,B12,Diesel,17140,R11
6114154,0,0.06,B,7,4,33,50,B12,Diesel,87,R72
6114155,0,0.03,D,4,2,27,76,B12,Diesel,863,R82
6114156,0,0.02,D,4,2,27,76,B12,Diesel,863,R82
6114157,0,0.06,C,5,0,54,50,B12,Regular,349,R82
6114158,0,0.03,E,10,2,41,50,B12,Regular,4998,R11
6114159,0,0.03,E,10,2,41,50,B12,Regular,4998,R11
6114160,0,0.06,D,13,0,75,50,B12,Regular,1687,R93
6114161,0,0.06,C,10,10,34,57,B12,Diesel,104,R72
6114162,0,0.06,E,8,0,34,64,B12,Diesel,2983,R31
6114163,0,0.06,C,10,5,37,64,B12,Regular,317,R82
6114164,0,0.06,D,4,0,55,50,B12,Regular,528,R93
6114165,0,0.06,E,10,0,59,50,B12,Regular,4762,R93
6114166,0,0.06,C,7,3,41,50,B2,Regular,200,R72
6114167,0,0.06,E,7,4,42,85,B12,Regular,8549,R82
6114168,0,0.06,F,5,4,30,100,B12,Regular,27000,R11
6114169,0,0.06,A,11,0,55,50,B12,Diesel,43,R21
6114170,0,0.03,A,5,6,54,50,B12,Regular,28,R54
6114171,0,0.06,C,4,1,49,50,B12,Diesel,107,R93
6114172,0,0.05,D,4,0,32,76,B12,Regular,793,R11
6114173,0,0.04,D,11,1,42,77,B12,Diesel,1232,R93
6114174,0,0.05,C,11,0,58,63,B12,Diesel,144,R93
6114175,0,0.03,E,5,1,28,85,B12,Diesel,4470,R11
6114176,0,0.01,E,5,1,28,85,B12,Diesel,4470,R11
6114177,0,0.05,E,7,5,20,100,B2,Regular,7313,R31
6114178,0,0.04,D,5,15,44,50,B2,Diesel,1326,R93
6114179,0,0.01,D,5,15,44,50,B2,Diesel,1326,R93
6114180,0,0.05,F,4,0,76,50,B12,Regular,27000,R11
6114181,0,0.04,E,4,1,34,51,B12,Regular,2740,R22
6114182,0,0.05,F,4,1,40,50,B12,Regular,27000,R11
6114183,0,0.05,D,7,4,23,80,B12,Diesel,1489,R52
6114184,0,0.05,D,6,2,39,50,B12,Diesel,930,R11
6114185,0,0.04,E,4,0,53,50,B12,Regular,3963,R91
6114186,0,0.04,E,4,0,38,51,B12,Regular,8561,R11
6114187,0,0.04,E,4,0,50,50,B12,Regular,3434,R11
6114188,0,0.04,F,4,0,64,50,B12,Regular,27000,R11
6114189,0,0.04,C,4,2,76,50,B12,Regular,342,R93
6114190,0,0.04,E,13,0,51,50,B12,Regular,3430,R93
6114191,0,0.04,A,9,3,32,50,B12,Diesel,19,R94
6114192,0,0.01,B,9,8,63,50,B12,Regular,67,R82
6114193,0,0.04,C,8,2,66,50,B12,Diesel,342,R93
6114194,0,0.04,D,8,4,39,100,B12,Diesel,1629,R93
6114195,0,0.04,D,4,1,55,50,B12,Regular,1858,R11
6114196,0,0.04,F,4,1,24,112,B12,Regular,16533,R11
6114197,0,0.04,E,4,2,32,90,B12,Regular,2308,R31
6114198,0,0.04,E,11,0,61,50,B12,Regular,3132,R11
6114199,0,0.01,E,8,2,64,50,B12,Diesel,3628,R82
6114200,0,0.02,E,8,2,64,50,B12,Diesel,3628,R82
6114201,0,0.04,F,13,0,60,50,B12,Regular,27000,R11
6114202,0,0.04,B,11,8,64,50,B12,Regular,65,R82
6114203,0,0.04,E,9,1,27,64,B12,Diesel,3657,R82
6114204,0,0.04,D,4,1,25,90,B12,Diesel,776,R93
6114205,0,0.04,B,6,3,22,80,B3,Diesel,88,R82
6114206,0,0.04,A,12,5,57,50,B12,Diesel,23,R41
6114207,0,0.04,E,4,0,52,50,B12,Regular,5202,R11
6114208,0,0.04,D,4,3,55,50,B12,Regular,609,R93
6114209,0,0.04,E,7,2,26,70,B12,Diesel,9850,R11
6114210,0,0.04,C,6,7,76,50,B12,Regular,208,R52
6114211,0,0.04,E,7,2,27,60,B2,Regular,2663,R11
6114212,0,0.04,F,11,0,44,72,B12,Diesel,27000,R11
6114213,0,0.04,D,5,4,52,64,B2,Diesel,721,R93
6114214,0,0.04,E,5,10,23,80,B5,Regular,3132,R11
6114215,0,0.04,D,8,0,29,57,B12,Regular,721,R93
6114216,0,0.04,D,4,0,29,100,B12,Regular,1867,R11
6114217,0,0.005479452,C,4,0,70,50,B12,Regular,174,R23
6114218,0,0.03,C,4,0,70,50,B12,Regular,174,R23
6114219,0,0.04,D,4,0,36,50,B12,Regular,1410,R72
6114220,0,0.04,D,4,0,55,50,B12,Regular,796,R25
6114221,0,0.04,E,9,5,25,80,B10,Regular,5433,R93
6114222,0,0.04,E,4,0,28,76,B12,Regular,6157,R31
6114223,0,0.03,E,10,1,65,50,B12,Regular,3430,R93
6114224,0,0.04,C,11,9,24,118,B12,Regular,114,R82
6114225,0,0.03,F,5,0,32,50,B12,Regular,27000,R11
6114226,0,0.03,C,7,4,29,76,B11,Regular,270,R82
6114227,0,0.03,E,6,15,26,90,B2,Diesel,6570,R11
6114228,0,0.02,E,4,0,46,52,B12,Regular,5877,R11
6114229,0,0.02,C,9,3,30,54,B12,Regular,391,R82
6114230,0,0.03,A,8,1,35,51,B12,Diesel,20,R83
6114231,0,0.03,D,7,6,60,50,B12,Diesel,824,R91
6114232,0,0.03,E,7,0,43,50,B12,Regular,2278,R11
6114233,0,0.01,E,7,2,28,76,B12,Diesel,2674,R93
6114234,0,0.03,E,5,0,42,95,B12,Regular,2446,R93
6114235,0,0.03,E,7,2,70,50,B10,Regular,3430,R93
6114236,0,0.03,A,11,0,56,50,B12,Diesel,16,R94
6114237,0,0.02,E,11,0,86,50,B12,Regular,5433,R93
6114238,0,0.03,C,8,1,62,50,B12,Diesel,270,R54
6114239,0,0.03,F,13,0,32,54,B12,Regular,27000,R11
6114240,0,0.03,F,4,0,31,100,B12,Regular,22669,R11
6114241,0,0.03,E,8,4,26,100,B4,Diesel,3430,R82
6114242,0,0.03,C,11,0,48,50,B12,Diesel,458,R93
6114243,0,0.03,B,4,0,59,50,B12,Regular,69,R73
6114244,0,0.03,C,10,4,35,50,B12,Regular,110,R93
6114245,0,0.03,E,4,0,32,100,B12,Regular,8455,R82
6114246,0,0.03,B,7,4,32,56,B12,Diesel,72,R52
6114247,0,0.03,E,6,1,38,50,B12,Regular,3744,R93
6114248,0,0.02,C,7,2,33,50,B12,Diesel,288,R73
6114249,0,0.03,D,9,0,54,50,B12,Diesel,867,R23
6114250,0,0.02,E,4,0,25,109,B12,Regular,9484,R11
6114251,0,0.002739726,F,4,0,38,100,B12,Regular,27000,R11
6114252,0,0.02,F,4,0,67,70,B12,Regular,15703,R11
6114253,0,0.02,E,5,8,27,80,B2,Regular,5433,R93
6114254,0,0.02,E,4,0,23,76,B12,Regular,3301,R73
6114255,0,0.02,D,7,0,57,50,B12,Diesel,912,R82
6114256,0,0.02,D,4,3,25,68,B12,Regular,1374,R82
6114257,0,0.02,A,4,0,37,100,B12,Regular,18,R82
6114258,0,0.02,F,4,0,26,90,B12,Diesel,10155,R11
6114259,0,0.02,E,4,0,39,50,B12,Regular,4116,R24
6114260,0,0.02,C,7,0,36,50,B12,Diesel,200,R11
6114261,0,0.01,F,4,0,59,100,B12,Regular,22821,R11
6114262,0,0.02,A,11,8,35,51,B12,Regular,36,R52
6114263,0,0.01,E,6,3,22,100,B12,Regular,3023,R11
6114264,0,0.01,E,6,3,22,100,B12,Regular,3023,R11
6114265,0,0.02,D,4,0,32,72,B12,Regular,573,R82
6114266,0,0.02,E,4,0,37,50,B12,Regular,9307,R82
6114267,0,0.02,D,8,5,46,50,B12,Regular,1381,R82
6114268,0,0.02,C,4,3,28,95,B12,Regular,135,R93
6114269,0,0.02,E,5,0,27,100,B12,Diesel,4358,R11
6114270,0,0.02,C,8,1,49,50,B12,Diesel,380,R52
6114271,0,0.002739726,C,13,0,66,50,B12,Regular,326,R82
6114272,0,0.02,D,6,5,50,90,B3,Diesel,508,R91
6114273,0,0.02,E,4,0,71,54,B12,Regular,3317,R93
6114274,0,0.02,E,4,0,54,50,B12,Regular,8549,R82
6114275,0,0.01,F,6,10,31,54,B2,Diesel,13520,R11
6114276,0,0.01,C,8,3,52,50,B12,Regular,114,R93
6114277,0,0.01,D,11,1,53,50,B12,Diesel,1955,R94
6114278,0,0.002739726,D,7,4,26,85,B12,Diesel,670,R82
6114279,0,0.01,D,10,0,73,50,B12,Diesel,1428,R11
6114280,0,0.01,C,4,0,31,72,B12,Regular,129,R93
6114281,0,0.01,E,7,10,30,68,B12,Diesel,3465,R11
6114282,0,0.01,D,6,3,24,85,B10,Diesel,1542,R11
6114283,0,0.01,E,9,0,32,72,B12,Diesel,3430,R93
6114284,0,0.01,D,4,0,37,100,B12,Regular,721,R93
6114285,0,0.01,C,5,2,57,50,B12,Regular,216,R11
6114286,0,0.01,A,11,1,37,50,B12,Diesel,18,R22
6114287,0,0.01,D,10,3,69,50,B12,Regular,645,R94
6114288,0,0.01,B,15,2,58,50,B12,Regular,68,R52
6114289,0,0.01,C,11,0,28,125,B12,Diesel,140,R93
6114290,0,0.008219178,E,7,3,59,112,B14,Regular,4348,R72
6114291,0,0.01,C,4,0,33,60,B12,Regular,363,R73
6114292,0,0.002739726,E,4,0,56,50,B12,Regular,2740,R22
6114293,0,0.01,B,7,3,32,60,B3,Diesel,80,R93
6114294,0,0.01,D,8,6,26,72,B12,Regular,779,R82
6114295,0,0.01,E,4,0,78,62,B12,Regular,3744,R93
6114296,0,0.005479452,E,4,0,22,90,B12,Regular,3430,R93
6114297,0,0.01,C,4,0,84,50,B12,Regular,329,R26
6114298,0,0.01,E,4,0,43,85,B12,Regular,3317,R93
6114299,0,0.01,C,10,2,55,100,B12,Regular,173,R93
6114300,0,0.01,E,5,3,23,100,B12,Regular,3708,R26
6114301,0,0.005479452,E,4,0,56,50,B12,Regular,6913,R11
6114302,0,0.01,C,10,5,37,50,B12,Regular,177,R93
6114303,0,0.01,F,11,0,64,50,B12,Diesel,22669,R11
6114304,0,0.01,C,5,0,50,50,B12,Diesel,266,R82
6114305,0,0.008219178,B,8,3,31,50,B12,Regular,60,R52
6114306,0,0.008219178,E,4,0,29,57,B12,Regular,5831,R11
6114307,0,0.008219178,D,10,2,41,50,B12,Regular,1622,R91
6114308,0,0.008219178,A,11,0,64,50,B12,Diesel,18,R93
6114309,0,0.008219178,A,4,0,78,50,B12,Regular,27,R25
6114310,0,0.005479452,D,7,5,18,100,B1,Regular,804,R22
6114311,0,0.008219178,E,15,4,54,50,B12,Regular,3317,R93
6114312,0,0.008219178,F,4,0,38,50,B12,Regular,27000,R11
6114313,0,0.005479452,E,4,0,44,50,B12,Regular,3457,R82
6114314,0,0.008219178,F,4,0,56,50,B12,Regular,27000,R11
6114315,0,0.005479452,A,7,0,38,50,B12,Diesel,47,R91
6114316,0,0.005479452,B,11,1,41,76,B12,Diesel,81,R11
6114317,0,0.005479452,E,7,0,51,53,B12,Diesel,3240,R11
6114318,0,0.005479452,C,7,2,48,50,B12,Diesel,263,R82
6114319,0,0.005479452,C,4,0,61,50,B12,Regular,205,R25
6114320,0,0.002739726,E,10,0,29,80,B12,Diesel,2471,R11
6114321,0,0.005479452,E,4,0,29,80,B12,Regular,5360,R11
6114322,0,0.005479452,E,11,0,49,74,B12,Diesel,5360,R11
6114323,0,0.005479452,D,4,0,34,80,B12,Regular,731,R82
6114324,0,0.005479452,D,11,0,41,50,B12,Diesel,528,R93
6114325,0,0.005479452,E,6,4,40,68,B12,Regular,2733,R93
6114326,0,0.002739726,E,4,0,54,50,B12,Regular,3317,R93
6114327,0,0.002739726,E,4,0,41,95,B12,Regular,9850,R11
6114328,0,0.002739726,D,6,2,45,50,B12,Diesel,1323,R82
6114329,0,0.002739726,B,4,0,60,50,B12,Regular,95,R26
6114330,0,0.002739726,B,7,6,29,54,B12,Diesel,65,R72
198,1,0.59,E,4,0,39,100,B12,Regular,6736,R11
200,1,0.21,E,4,10,24,85,B14,Regular,3301,R73
202,2,0.65,E,4,1,24,85,B12,Regular,3301,R73
205,1,0.08,C,6,0,42,52,B12,Regular,126,R22
206,1,0.78,C,6,0,42,52,B12,Regular,126,R22
209,1,0.34,D,4,0,48,50,B12,Regular,1622,R91
210,1,0.52,D,4,0,48,50,B12,Regular,1622,R91
211,1,0.42,E,10,5,32,50,B12,Regular,2757,R22
212,1,0.14,E,10,5,32,50,B12,Regular,2757,R22
213,1,0.01,E,10,5,32,50,B12,Regular,2757,R22
215,1,0.85,E,4,1,26,100,B12,Regular,5449,R82
217,1,0.74,A,5,4,31,64,B3,Diesel,9,R21
219,1,0.04,A,5,4,31,64,B3,Diesel,9,R21
220,1,0.07,A,5,4,31,68,B3,Diesel,9,R21
222,1,0.8,E,5,0,48,50,B12,Regular,3317,R93
223,1,0.06,E,5,0,48,50,B12,Regular,3317,R93
225,1,0.73,D,4,0,61,50,B12,Regular,515,R54
227,1,0.12,D,4,0,61,50,B12,Regular,515,R54
229,1,0.8,C,6,0,45,57,B12,Diesel,495,R91
230,1,0.06,C,6,0,45,57,B12,Diesel,495,R91
233,1,0.79,A,5,0,49,50,B12,Regular,47,R22
234,1,0.06,A,5,0,49,50,B12,Regular,47,R22
237,1,0.09,E,5,0,45,50,B12,Regular,2131,R82
238,1,0.75,E,5,0,45,50,B12,Regular,2131,R82
241,1,0.84,E,7,4,50,50,B12,Regular,5360,R11
246,1,0.08,A,7,0,38,60,B12,Regular,27,R11
247,1,0.79,A,7,0,38,60,B12,Regular,27,R11
250,1,0.85,C,4,0,37,64,B12,Regular,175,R72
256,1,0.85,E,6,4,35,68,B5,Diesel,9307,R82
259,1,0.83,D,7,0,54,50,B12,Regular,966,R31
261,1,0.02,D,7,0,54,50,B12,Regular,966,R31
264,1,0.85,C,5,0,51,50,B12,Regular,102,R31
266,1,0.8,F,8,4,23,100,B12,Regular,17140,R11
268,1,0.04,F,8,4,23,100,B12,Regular,17140,R11
271,1,0.78,A,4,0,44,56,B12,Regular,13,R93
272,1,0.07,A,4,0,44,56,B12,Regular,13,R93
274,1,0.72,D,6,0,51,50,B12,Diesel,824,R91
275,1,0.23,D,6,0,51,50,B12,Diesel,824,R91
277,1,0.15,C,4,3,31,64,B2,Regular,202,R31
278,1,0.11,C,4,3,32,64,B2,Regular,202,R31
280,1,0.48,F,6,0,33,95,B12,Regular,27000,R11
282,1,0.37,F,6,0,33,95,B12,Regular,27000,R11
285,1,0.09,F,5,0,41,90,B12,Regular,27000,R11
286,1,0.75,F,5,0,41,90,B12,Regular,27000,R11
289,1,0.86,C,8,9,54,50,B13,Diesel,177,R93
291,1,0.17,B,5,3,29,60,B4,Diesel,63,R52
292,1,0.07,B,5,3,29,60,B4,Diesel,63,R52
293,1,0.09,B,6,0,29,60,B12,Regular,63,R52
295,1,0.04,B,5,3,29,60,B4,Diesel,63,R52
296,1,0.46,B,6,0,29,60,B12,Regular,63,R52
299,1,0.74,E,4,6,26,100,B6,Regular,2308,R31
300,1,0.11,E,4,6,26,100,B6,Regular,2308,R31
303,1,0.77,B,4,0,42,50,B12,Regular,65,R26
304,2,0.07,B,4,0,42,50,B12,Regular,65,R26
306,1,0.24,E,6,0,50,50,B12,Regular,8880,R11
307,1,0.63,E,6,0,50,50,B12,Regular,8880,R11
311,1,0.07,A,6,0,58,50,B12,Diesel,23,R54
312,1,0.76,A,6,0,58,50,B12,Diesel,23,R54
316,1,0.92,C,9,0,53,50,B12,Regular,104,R93
319,1,0.17,C,7,0,52,50,B12,Regular,251,R93
320,1,0.67,C,7,0,52,50,B12,Regular,251,R93
322,1,0.09,C,5,0,35,50,B12,Regular,173,R93
325,1,0.78,C,5,0,35,50,B12,Regular,173,R93
328,1,0.78,E,10,0,58,50,B12,Diesel,9307,R82
329,1,0.07,E,10,0,58,50,B12,Diesel,9307,R82
332,1,0.85,D,4,0,41,50,B12,Regular,1784,R11
335,1,0.87,B,4,0,52,90,B12,Regular,73,R24
337,1,0.24,A,4,0,29,76,B12,Regular,15,R26
339,1,0.09,A,4,0,29,76,B12,Regular,15,R26
340,1,0.51,A,4,0,29,76,B12,Regular,15,R26
345,1,0.78,E,7,0,32,58,B12,Diesel,2472,R82
346,1,0.06,E,7,0,32,58,B12,Diesel,2472,R82
349,1,0.84,C,4,0,74,91,B12,Regular,471,R73
352,1,0.85,D,4,0,46,50,B12,Regular,1846,R72
354,1,0.83,F,10,0,65,54,B12,Regular,16533,R11
355,1,0.07,F,10,0,65,54,B12,Regular,16533,R11
359,1,0.09,B,4,0,40,55,B12,Regular,74,R24
361,1,0.76,B,4,0,40,55,B12,Regular,74,R24
364,1,0.07,D,7,4,38,90,B10,Diesel,532,R11
365,1,0.77,D,7,4,38,90,B10,Diesel,532,R11
367,1,0.81,C,7,0,67,80,B12,Diesel,109,R42
369,1,0.03,C,7,0,67,80,B12,Diesel,109,R42
371,1,0.08,E,9,1,46,50,B12,Regular,2178,R11
372,1,0.64,E,9,1,46,50,B12,Regular,2178,R11
374,1,0.11,E,9,1,46,50,B12,Regular,2178,R11
376,1,0.66,A,4,0,43,50,B12,Regular,24,R93
379,1,0.18,A,4,0,43,50,B12,Regular,24,R93
382,1,0.78,E,10,0,60,50,B12,Diesel,3744,R93
383,1,0.07,E,10,0,60,50,B12,Diesel,3744,R93
386,1,0.78,F,4,0,58,50,B12,Regular,27000,R11
387,1,0.06,F,4,0,58,50,B12,Regular,27000,R11
391,1,0.84,B,10,0,43,50,B12,Diesel,88,R91
394,1,0.85,B,9,9,24,95,B12,Regular,95,R26
397,2,0.84,C,9,8,24,100,B12,Regular,208,R11
400,1,0.31,A,6,0,53,50,B12,Regular,33,R93
402,1,0.01,A,5,0,53,50,B12,Regular,33,R93
403,1,0.51,A,6,0,53,50,B12,Regular,33,R93
406,1,0.77,C,9,0,29,72,B12,Regular,360,R91
407,1,0.07,C,9,0,29,72,B12,Regular,360,R91
412,1,0.84,E,7,3,40,54,B12,Regular,5746,R11
414,1,0.14,E,4,0,36,85,B12,Regular,4792,R11
416,1,0.09,E,4,0,36,85,B12,Regular,4792,R11
417,1,0.35,E,4,0,36,85,B12,Regular,4792,R11
418,1,0.25,E,4,0,36,85,B12,Regular,4792,R11
420,1,0.82,E,9,0,75,50,B12,Regular,2038,R82
422,1,0.02,E,9,0,75,50,B12,Regular,2038,R82
424,2,0.62,F,10,0,51,100,B12,Regular,27000,R11
425,1,0.22,F,5,0,51,100,B12,Regular,27000,R11
427,1,0.82,A,6,9,46,64,B12,Regular,49,R25
434,1,0.84,D,9,0,45,50,B12,Diesel,966,R72
436,1,0.11,D,11,1,48,50,B12,Diesel,721,R93
438,1,0.7,D,11,1,48,50,B12,Diesel,721,R93
439,1,0.03,D,11,1,48,50,B12,Diesel,721,R93
442,1,0.09,F,7,0,62,50,B12,Diesel,27000,R11
443,1,0.01,F,7,0,62,50,B12,Diesel,27000,R11
444,1,0.74,F,7,0,62,50,B12,Diesel,27000,R11
447,1,0.58,E,4,0,30,68,B12,Regular,3963,R91
448,1,0.13,E,4,0,30,68,B12,Regular,3963,R91
449,1,0.17,E,5,0,30,68,B12,Regular,3963,R91
451,1,0.66,F,9,1,62,50,B12,Regular,27000,R11
454,1,0.71,E,7,0,47,95,B12,Diesel,6157,R31
456,1,0.13,E,7,0,47,95,B12,Diesel,6157,R31
459,1,0.84,B,9,0,65,50,B12,Regular,89,R52
462,1,0.52,A,5,0,45,50,B12,Regular,12,R73
463,1,0.31,A,5,0,45,50,B12,Regular,12,R73
465,1,0.79,E,10,3,40,50,B12,Regular,5628,R11
466,1,0.05,E,10,3,40,50,B12,Regular,5628,R11
468,1,0.8,A,7,0,67,50,B12,Diesel,18,R93
470,1,0.04,A,7,0,67,50,B12,Diesel,18,R93
473,1,0.84,D,4,0,22,85,B12,Regular,1273,R26
477,1,0.78,D,5,0,76,50,B12,Regular,517,R91
478,1,0.06,D,5,0,76,50,B12,Regular,517,R91
480,1,0.28,E,6,2,32,100,B1,Diesel,2951,R41
482,1,0.7,E,6,2,32,100,B1,Diesel,2951,R41
484,1,0.61,C,9,0,37,50,B12,Regular,136,R11
486,1,0.1,C,9,0,37,50,B12,Regular,136,R11
487,1,0.12,C,9,0,37,50,B12,Regular,136,R11
490,1,0.79,C,5,1,46,50,B12,Regular,159,R54
491,1,0.05,C,5,0,46,50,B12,Regular,159,R54
493,1,0.8,E,6,0,50,50,B12,Regular,3744,R93
495,1,0.04,E,6,0,50,50,B12,Regular,3744,R93
496,1,0.42,C,6,2,40,50,B3,Diesel,181,R93
501,1,0.84,C,6,2,41,50,B12,Diesel,343,R72
504,1,0.78,C,4,0,50,50,B12,Regular,134,R91
505,1,0.06,C,4,0,50,50,B12,Regular,134,R91
507,1,0.81,E,9,1,29,85,B12,Regular,2308,R31
510,1,0.11,E,9,1,29,85,B12,Regular,2308,R31
512,1,0.81,F,7,0,48,50,B12,Regular,15386,R11
514,1,0.03,F,7,0,48,50,B12,Regular,15386,R11
517,1,0.84,D,7,2,38,50,B12,Regular,515,R11
519,1,0.71,F,4,0,38,51,B12,Regular,27000,R11
521,1,0.13,F,4,0,38,51,B12,Regular,27000,R11
527,1,0.84,C,10,7,43,50,B12,Regular,138,R21
530,1,0.79,C,9,1,45,50,B12,Regular,298,R54
532,1,0.04,C,9,1,45,50,B12,Regular,298,R54
536,1,0.84,D,5,0,29,76,B12,Regular,891,R41
539,1,0.84,C,5,1,39,50,B12,Regular,152,R26
542,1,0.84,E,5,1,58,100,B12,Regular,3541,R52
545,1,0.08,D,5,0,46,50,B12,Regular,1489,R52
546,1,0.76,D,5,0,46,50,B12,Regular,1489,R52
548,1,0.74,E,5,0,37,50,B12,Regular,3023,R11
550,1,0.08,E,5,0,37,50,B12,Regular,3023,R11
551,1,0.01,E,5,0,37,50,B12,Regular,3023,R11
554,1,0.08,C,6,10,40,62,B2,Diesel,309,R73
555,1,0.75,C,6,10,40,62,B2,Diesel,309,R73
558,1,0.84,D,12,6,36,53,B12,Diesel,1221,R83
561,1,0.84,D,4,0,36,50,B12,Regular,1273,R26
563,1,0.71,E,5,0,70,50,B12,Regular,3430,R93
565,1,0.12,E,5,0,70,50,B12,Regular,3430,R93
567,1,0.72,A,11,4,34,85,B12,Diesel,49,R94
569,1,0.12,A,11,4,34,85,B12,Diesel,49,R94
571,1,0.53,B,5,0,27,68,B12,Regular,85,R22
573,1,0.2,B,5,0,27,68,B12,Regular,85,R22
574,1,0.1,B,5,0,27,68,B12,Regular,85,R22
577,1,0.79,F,7,9,23,100,B1,Regular,17140,R11
578,1,0.04,F,7,9,23,100,B1,Regular,17140,R11
581,1,0.78,C,4,0,47,50,B12,Regular,110,R54
582,1,0.06,C,4,0,47,50,B12,Regular,110,R54
584,1,0.83,A,7,4,44,50,B6,Regular,37,R94
588,1,0.05,A,11,10,44,50,B1,Regular,37,R94
590,1,0.78,A,11,10,44,50,B1,Regular,37,R94
592,2,0.66,D,5,0,43,60,B12,Regular,714,R11
594,1,0.17,D,5,0,43,60,B12,Regular,714,R11
596,1,0.46,F,6,0,41,50,B12,Regular,27000,R11
598,1,0.12,F,6,0,41,50,B12,Regular,27000,R11
599,1,0.25,F,6,0,41,50,B12,Regular,27000,R11
602,1,0.77,E,5,0,65,50,B12,Regular,3963,R91
603,1,0.06,E,5,0,65,50,B12,Regular,3963,R91
606,1,0.84,D,10,6,54,50,B12,Diesel,583,R93
608,1,0.008196721,A,10,10,55,50,B12,Diesel,37,R94
609,1,0.74,A,10,10,51,50,B12,Diesel,37,R94
613,1,0.77,C,4,0,56,97,B12,Regular,193,R43
614,1,0.06,C,4,0,56,97,B12,Regular,193,R43
617,1,0.7,D,15,0,66,66,B12,Diesel,1457,R52
618,1,0.13,D,15,0,66,66,B12,Diesel,1457,R52
620,2,0.07,D,5,0,34,64,B12,Regular,1565,R31
622,1,0.75,D,5,0,34,64,B12,Regular,1565,R31
624,1,0.83,D,7,7,59,50,B12,Regular,539,R73
626,1,0.21,C,10,8,29,72,B4,Regular,463,R42
630,2,0.69,C,5,2,29,90,B6,Regular,335,R91
631,1,0.13,C,5,2,29,90,B6,Regular,335,R91
634,1,0.03,E,7,0,53,50,B12,Diesel,9307,R82
635,1,0.53,E,7,0,53,50,B12,Diesel,9307,R82
636,1,0.008196721,E,7,0,53,50,B12,Diesel,9307,R82
637,1,0.04,E,7,0,53,50,B12,Diesel,9307,R82
638,1,0.22,E,7,0,53,50,B12,Diesel,9307,R82
640,1,0.83,D,6,0,62,74,B12,Regular,726,R91
642,1,0.74,E,6,0,31,62,B12,Regular,2308,R31
644,1,0.09,E,6,0,31,62,B12,Regular,2308,R31
646,1,0.005464481,D,6,0,45,50,B12,Diesel,1472,R31
647,1,0.51,D,6,0,45,50,B12,Diesel,1472,R31
648,1,0.14,D,7,0,45,50,B12,Diesel,1472,R31
651,1,0.17,D,6,0,45,50,B12,Diesel,1472,R31
653,1,0.03,B,5,0,61,50,B12,Regular,66,R93
654,1,0.8,B,5,0,61,50,B12,Regular,66,R93
657,1,0.04,E,9,0,59,85,B12,Regular,6913,R11
659,1,0.79,E,9,0,59,80,B12,Regular,6913,R11
661,1,0.1,D,4,0,33,57,B12,Regular,1577,R41
662,1,0.72,D,4,0,33,57,B12,Regular,1577,R41
666,1,0.07,B,6,0,31,57,B12,Diesel,78,R73
668,1,0.75,B,6,3,31,57,B12,Diesel,78,R73
670,1,0.19,D,6,0,27,76,B12,Regular,1287,R72
671,1,0.64,D,6,0,27,76,B12,Regular,1287,R72
676,1,0.1,C,7,0,45,50,B12,Regular,177,R93
677,1,0.76,C,7,0,45,50,B12,Regular,177,R93
679,1,0.1,D,4,0,31,55,B12,Regular,1955,R94
680,1,0.65,D,4,0,31,55,B12,Regular,1955,R94
681,1,0.07,D,4,0,31,55,B12,Regular,1955,R94
685,1,0.85,B,10,10,42,50,B12,Diesel,96,R73
687,1,0.41,D,4,0,24,100,B12,Regular,1489,R52
688,1,0.55,D,4,0,24,100,B12,Regular,1489,R52
692,1,0.07,A,5,0,33,50,B12,Regular,47,R41
694,1,0.04,A,6,0,33,50,B12,Regular,47,R41
696,1,0.71,A,5,0,33,50,B12,Regular,47,R41
698,1,0.1,C,9,0,36,85,B12,Regular,269,R93
700,1,0.78,C,9,0,36,85,B12,Regular,269,R93
702,1,0.2,B,5,0,48,50,B12,Regular,58,R11
704,1,0.79,B,5,0,48,50,B12,Regular,58,R11
706,1,0.21,B,7,8,22,100,B2,Regular,53,R26
708,1,0.43,B,7,8,22,100,B2,Regular,53,R26
709,1,0.18,B,7,8,22,100,B2,Regular,53,R26
711,1,0.83,C,4,0,44,50,B12,Regular,126,R41
714,1,0.48,C,9,0,32,61,B12,Regular,352,R41
715,1,0.33,C,9,0,32,61,B12,Regular,352,R41
717,1,0.03,C,9,0,32,61,B12,Regular,352,R41
719,1,0.9,B,10,0,45,50,B12,Diesel,84,R21
722,1,0.01,C,6,0,52,50,B2,Diesel,132,R94
723,1,0.51,C,6,0,52,50,B2,Diesel,132,R94
724,1,0.22,C,8,6,52,50,B3,Diesel,132,R94
726,1,0.83,E,5,0,29,64,B12,Diesel,3301,R73
730,1,0.83,E,10,4,30,95,B1,Regular,3075,R72
731,1,0.12,D,8,9,23,90,B12,Regular,745,R82
732,2,0.21,D,8,9,23,90,B12,Regular,745,R82
734,1,0.83,E,5,0,31,60,B12,Regular,4998,R11
738,1,0.25,D,10,1,40,63,B12,Diesel,1662,R11
739,1,0.57,D,10,1,40,50,B12,Diesel,1662,R11
742,1,0.82,A,7,1,70,50,B12,Diesel,31,R73
745,1,0.41,D,6,0,74,50,B12,Diesel,721,R93
746,1,0.05,D,6,0,74,50,B12,Diesel,721,R93
748,1,0.36,D,6,0,74,50,B12,Diesel,721,R93
750,1,0.83,D,4,6,36,100,B1,Regular,824,R91
754,1,0.35,E,6,3,28,80,B12,Diesel,2767,R52
755,1,0.03,E,6,3,28,80,B12,Diesel,2767,R52
756,1,0.56,E,6,3,28,80,B12,Diesel,2767,R52
758,1,0.1,D,4,0,45,50,B12,Regular,1468,R93
759,1,0.72,D,4,0,45,50,B12,Regular,1468,R93
762,1,0.75,D,10,8,52,50,B12,Diesel,1955,R94
765,1,0.75,D,4,10,52,50,B4,Diesel,1955,R94
768,1,0.2,F,6,0,33,50,B12,Regular,14368,R11
769,1,0.62,F,6,0,33,50,B12,Regular,14368,R11
771,1,0.33,D,5,0,47,50,B12,Regular,1103,R11
772,1,0.41,D,5,0,47,50,B12,Regular,1103,R11
773,1,0.07,D,5,0,47,50,B12,Regular,1103,R11
776,1,0.03,A,6,0,63,50,B12,Regular,21,R93
778,2,0.79,A,6,0,63,50,B12,Regular,21,R93
780,1,0.1,C,4,0,56,50,B12,Regular,232,R26
782,1,0.72,C,4,0,56,50,B12,Regular,232,R26
784,1,0.74,D,5,0,22,100,B12,Regular,1329,R11
785,1,0.07,D,5,0,22,100,B12,Regular,1329,R11
789,1,0.35,F,6,0,60,100,B12,Regular,15725,R11
790,1,0.47,F,5,8,60,100,B2,Diesel,15725,R11
793,1,0.83,A,5,0,33,100,B12,Regular,9,R83
795,1,0.83,E,7,7,52,50,B10,Diesel,8455,R82
798,1,0.75,C,8,2,49,50,B12,Diesel,211,R11
799,1,0.07,C,8,2,49,50,B12,Diesel,211,R11
802,1,0.3,E,4,1,27,95,B12,Regular,5202,R11
805,1,0.01,E,4,1,27,95,B12,Regular,5202,R11
807,1,0.5,E,4,1,27,95,B12,Regular,5202,R11
809,1,0.06,E,5,0,44,50,B12,Regular,3317,R93
811,1,0.76,E,5,0,44,50,B12,Regular,3317,R93
813,1,0.82,E,5,0,29,90,B12,Regular,3374,R42
816,1,0.05,A,5,0,51,50,B12,Regular,27,R26
818,1,0.75,A,5,0,51,50,B12,Regular,27,R26
820,1,0.2,B,4,1,35,60,B12,Regular,82,R52
822,1,0.62,B,4,0,35,60,B12,Regular,82,R52
827,1,0.22,E,6,7,41,50,B12,Regular,3541,R52
829,1,0.6,E,6,7,41,50,B12,Regular,3541,R52
830,1,0.68,E,4,10,24,105,B1,Regular,3064,R11
833,1,0.09,E,4,0,30,72,B12,Regular,3991,R21
834,1,0.73,E,4,0,30,72,B12,Regular,3991,R21
837,1,0.74,C,6,0,52,50,B12,Regular,489,R91
838,1,0.07,C,6,0,52,50,B12,Regular,489,R91
841,1,0.73,D,5,1,69,62,B12,Regular,796,R11
842,1,0.08,D,5,1,69,62,B12,Regular,796,R11
845,1,0.81,D,5,0,40,72,B12,Regular,1064,R11
849,1,0.07,C,6,0,66,50,B12,Diesel,123,R72
850,1,0.78,C,6,0,66,50,B12,Diesel,123,R72
852,1,0.27,F,7,5,39,100,B12,Regular,17140,R11
853,1,0.07,F,7,5,39,100,B12,Regular,17140,R11
854,1,0.47,F,7,5,39,100,B12,Regular,17140,R11
856,1,0.2,B,5,0,50,50,B12,Regular,59,R11
859,1,0.62,B,5,0,50,50,B12,Regular,59,R11
861,1,0.12,A,5,0,26,90,B12,Regular,32,R91
863,1,0.69,A,5,0,26,90,B12,Regular,32,R91
865,1,0.46,E,5,0,34,50,B12,Regular,2887,R11
867,1,0.81,C,4,0,36,72,B12,Regular,285,R53
870,1,0.06,A,4,0,71,72,B12,Regular,46,R25
872,1,0.75,A,4,0,71,72,B12,Regular,46,R25
874,1,0.13,C,7,0,50,50,B12,Regular,216,R82
876,1,0.68,C,7,0,50,50,B12,Regular,216,R82
878,1,0.81,D,7,10,66,56,B4,Regular,709,R93
880,1,0.77,C,11,2,46,90,B12,Regular,316,R93
882,1,0.97,D,5,2,40,50,B12,Diesel,675,R91
884,1,0.008196721,D,7,0,40,50,B4,Regular,675,R91
886,1,0.03,D,7,0,35,80,B12,Regular,565,R93
887,1,0.8,D,7,0,35,80,B12,Regular,565,R93
889,1,0.28,C,9,0,46,90,B12,Regular,316,R93
890,1,0.48,C,9,0,46,90,B12,Regular,316,R93
892,1,0.83,A,5,1,54,50,B12,Regular,42,R41
895,1,0.42,F,4,0,53,50,B12,Regular,15725,R11
896,1,0.39,F,4,0,53,50,B12,Regular,15725,R11
901,1,0.09,B,5,0,51,50,B12,Diesel,51,R24
902,1,0.72,B,5,0,51,50,B12,Diesel,51,R24
905,1,0.74,D,5,0,52,50,B12,Regular,1846,R72
908,1,0.1,D,5,0,52,50,B12,Regular,1846,R72
910,1,0.09,E,7,0,43,50,B12,Diesel,3541,R52
911,1,0.18,E,6,2,43,50,B12,Diesel,3541,R52
912,1,0.54,E,7,0,43,50,B12,Diesel,3541,R52
913,2,0.06,E,6,2,43,50,B12,Diesel,3541,R52
915,1,0.28,E,4,0,38,106,B12,Regular,6157,R31
918,1,0.6,E,6,10,38,106,B12,Regular,6157,R31
920,1,0.09,D,4,1,60,50,B12,Regular,831,R54
921,1,0.72,D,4,1,60,50,B12,Regular,831,R54
925,1,0.09,C,9,0,56,85,B12,Regular,106,R11
926,1,0.71,C,9,0,56,85,B12,Regular,106,R11
928,1,0.81,D,9,7,41,90,B12,Diesel,875,R93
931,1,0.005464481,C,6,0,75,50,B12,Diesel,137,R52
932,1,0.08,C,6,0,75,50,B12,Diesel,137,R52
933,1,0.72,C,6,0,75,50,B12,Diesel,137,R52
937,1,0.03,D,7,0,40,50,B12,Regular,726,R91
939,1,0.28,D,7,0,40,50,B12,Regular,726,R91
940,1,0.43,D,7,0,40,50,B12,Regular,726,R91
941,1,0.05,D,7,0,40,50,B12,Regular,726,R91
943,1,0.75,F,5,4,34,95,B12,Diesel,17140,R11
944,1,0.06,F,5,4,34,100,B12,Diesel,17140,R11
947,1,0.74,C,9,0,47,50,B12,Regular,108,R25
948,1,0.07,C,9,0,47,50,B12,Regular,108,R25
951,1,0.81,F,6,0,47,100,B12,Regular,10477,R11
953,1,0.36,D,14,9,30,80,B1,Regular,1353,R31
954,1,0.8,D,4,0,34,88,B12,Regular,883,R93
956,1,0.05,F,5,0,49,50,B12,Regular,12374,R11
959,1,0.76,F,5,0,49,50,B12,Regular,12374,R11
961,1,0.05,B,7,0,31,51,B12,Diesel,67,R41
963,1,0.75,B,7,0,31,51,B12,Diesel,67,R41
965,1,0.81,C,4,2,57,50,B12,Regular,124,R24
968,1,0.41,E,5,0,38,50,B12,Regular,3317,R93
969,1,0.39,E,5,0,38,50,B12,Regular,3317,R93
971,1,0.08,C,9,3,45,50,B12,Regular,391,R41
972,1,0.74,C,9,3,45,50,B12,Regular,391,R41
975,1,0.73,D,9,0,60,50,B12,Regular,570,R93
976,2,0.07,D,9,0,60,50,B12,Regular,570,R93
979,1,0.74,D,4,0,44,50,B12,Regular,1005,R93
980,1,0.05,D,4,0,44,50,B12,Regular,1005,R93
982,1,0.01,D,4,0,44,50,B12,Regular,1005,R93
984,1,0.11,E,5,0,34,50,B12,Regular,3744,R93
987,1,0.69,E,5,0,34,50,B12,Regular,3744,R93
990,1,0.74,C,7,3,39,76,B12,Regular,478,R22
992,1,0.06,C,7,3,39,76,B12,Regular,478,R22
995,1,0.58,C,4,0,69,50,B12,Regular,215,R91
996,1,0.23,C,4,0,69,50,B12,Regular,215,R91
999,2,0.08,C,9,0,59,50,B12,Regular,366,R82
1000,1,0.72,C,9,0,59,50,B12,Regular,366,R82
1003,1,0.58,D,5,0,24,85,B12,Regular,1196,R22
1005,1,0.22,D,5,0,24,90,B12,Regular,1196,R22
1010,1,0.008196721,D,5,0,24,90,B12,Regular,1196,R22
1014,1,0.59,F,5,1,29,85,B12,Regular,10477,R11
1015,1,0.21,F,6,0,29,85,B12,Regular,10477,R11
1020,2,0.57,E,9,0,66,50,B12,Regular,2648,R31
1021,1,0.24,E,9,0,66,50,B12,Regular,2648,R31
1024,1,0.74,C,5,0,44,50,B12,Regular,200,R82
1025,1,0.06,C,5,0,44,50,B12,Regular,200,R82
1028,1,0.11,E,5,0,24,80,B12,Regular,2103,R53
1029,1,0.17,E,5,0,24,80,B12,Regular,2103,R53
1030,1,0.35,C,5,5,39,100,B5,Diesel,101,R93
1032,1,0.8,E,5,6,74,50,B4,Diesel,3317,R93
1035,1,0.8,C,4,1,38,57,B12,Regular,177,R52
1037,1,0.48,F,4,0,32,67,B12,Regular,22669,R11
1039,1,0.56,C,10,3,34,57,B12,Regular,143,R93
1040,1,0.23,C,10,3,34,50,B12,Regular,143,R93
1043,1,0.04,B,9,1,31,64,B12,Regular,75,R26
1045,1,0.76,B,9,1,31,64,B12,Regular,75,R26
1047,1,0.12,E,4,0,34,50,B12,Regular,3021,R53
1049,1,0.68,E,4,0,34,50,B12,Regular,3021,R53
1052,1,0.08,D,10,0,58,68,B12,Regular,1871,R82
1053,1,0.72,D,10,0,58,68,B12,Regular,1871,R82
1056,2,0.74,C,7,0,33,66,B12,Diesel,151,R82
1057,1,0.07,C,7,0,33,66,B12,Diesel,151,R82
1062,2,0.74,C,5,0,42,50,B12,Regular,190,R82
1063,1,0.07,C,5,0,42,50,B12,Regular,190,R82
1066,1,0.65,C,4,0,48,50,B12,Regular,332,R72
1067,1,0.15,C,4,0,48,50,B12,Regular,332,R72
1070,1,0.1,C,5,0,33,68,B12,Regular,283,R72
1073,1,0.69,C,5,0,33,72,B12,Regular,283,R72
1075,1,0.04,D,5,0,65,50,B12,Regular,747,R53
1077,1,0.76,D,5,0,65,50,B12,Regular,747,R53
1079,1,0.02,E,4,0,49,50,B12,Regular,2983,R31
1081,1,0.18,E,4,0,49,50,B12,Regular,2983,R31
1082,1,0.07,E,4,0,49,50,B12,Regular,2983,R31
1083,1,0.51,E,4,0,49,50,B12,Regular,2983,R31
1085,1,0.81,C,4,0,72,50,B12,Regular,127,R72
1087,1,0.12,E,4,0,32,68,B12,Regular,3317,R93
1088,1,0.68,E,4,0,32,85,B12,Regular,3317,R93
1090,1,0.2,E,4,2,29,76,B12,Regular,2537,R31
1092,1,0.6,E,4,2,29,76,B12,Regular,2537,R31
1094,1,0.44,E,5,0,30,95,B12,Regular,8880,R11
1095,1,0.04,E,5,0,30,95,B12,Regular,8880,R11
1097,1,0.21,E,5,0,30,95,B12,Regular,8880,R11
1098,1,0.09,E,5,0,30,95,B12,Regular,8880,R11
1100,1,0.03,C,6,0,70,72,B12,Regular,342,R93
1102,1,0.76,C,6,0,70,72,B12,Regular,342,R93
1104,1,0.09,E,6,0,38,72,B12,Diesel,3339,R11
1105,1,0.07,E,6,0,38,72,B12,Diesel,3339,R11
1107,1,0.62,E,4,0,38,72,B12,Regular,3339,R11
1109,1,0.09,D,4,0,40,62,B12,Regular,796,R11
1110,1,0.71,D,4,0,40,62,B12,Regular,796,R11
1112,1,0.73,E,10,9,44,57,B12,Regular,4128,R52
1113,1,0.07,E,10,9,44,57,B12,Regular,4128,R52
1116,1,0.81,C,6,4,25,85,B1,Diesel,394,R26
1120,1,0.37,D,6,5,27,95,B1,Diesel,563,R11
1121,1,0.07,D,6,5,27,95,B1,Diesel,563,R11
1123,1,0.35,D,6,5,27,95,B1,Diesel,563,R11
1125,1,0.8,D,6,9,26,100,B3,Regular,626,R93
1129,1,0.03,C,10,0,46,50,B12,Diesel,148,R21
1131,1,0.77,C,10,0,46,50,B12,Diesel,148,R21
1134,1,0.09,C,5,0,37,50,B12,Regular,238,R83
1136,1,0.21,C,5,0,37,50,B12,Regular,238,R83
1137,1,0.49,C,5,0,37,50,B12,Regular,238,R83
1139,1,0.04,E,5,1,35,50,B12,Regular,3184,R11
1140,1,0.45,E,6,0,35,50,B12,Regular,3184,R11
1141,1,0.29,E,5,1,35,50,B12,Regular,3184,R11
1143,1,0.72,E,5,0,53,50,B12,Regular,3599,R11
1144,1,0.08,E,5,0,53,50,B12,Regular,3599,R11
1147,4,0.08,D,5,0,42,51,B12,Regular,875,R93
1148,1,0.72,D,5,0,42,51,B12,Regular,875,R93
1151,1,0.17,E,9,0,45,50,B12,Regular,6736,R11
1153,1,0.62,E,9,0,45,50,B12,Regular,6736,R11
1155,1,0.8,C,5,0,68,50,B12,Regular,221,R52
1158,1,0.8,E,4,1,37,56,B1,Regular,3541,R52
1162,1,0.79,C,5,1,36,68,B12,Regular,208,R52
1165,1,0.74,E,7,0,34,54,B12,Regular,6902,R41
1166,1,0.05,E,7,0,34,54,B12,Regular,6902,R41
1169,2,0.75,D,8,3,49,50,B12,Diesel,1787,R11
1172,1,0.04,A,4,0,59,50,B12,Regular,7,R72
1174,1,0.75,A,4,0,59,50,B12,Regular,7,R72
1176,1,0.09,C,4,0,37,50,B12,Regular,169,R91
1178,1,0.7,C,4,0,37,50,B12,Regular,169,R91
1180,1,0.09,C,6,0,47,50,B12,Regular,182,R82
1182,1,0.7,C,6,0,47,50,B12,Regular,182,R82
1185,1,0.85,C,7,0,45,50,B12,Regular,309,R73
1187,1,0.09,D,5,0,44,50,B12,Regular,665,R41
1189,1,0.09,D,5,0,44,50,B12,Regular,665,R41
1190,1,0.6,D,5,0,44,56,B12,Regular,665,R41
1192,1,0.79,E,7,1,49,50,B12,Regular,5936,R11
1195,1,0.06,E,7,0,49,50,B12,Diesel,5936,R11
1197,1,0.75,E,7,0,49,50,B12,Diesel,5936,R11
1200,1,0.75,D,5,1,46,64,B12,Diesel,1363,R22
1204,1,0.16,A,7,0,53,50,B12,Diesel,50,R41
1205,1,0.62,A,7,0,53,50,B12,Diesel,50,R41
1207,1,0.71,C,5,0,45,50,B12,Regular,202,R42
1208,1,0.08,C,5,0,45,50,B12,Regular,202,R42
1211,1,0.63,E,4,0,72,95,B12,Regular,4456,R72
1212,1,0.16,E,4,0,72,95,B12,Regular,4456,R72
1214,1,0.34,E,5,0,37,60,B12,Regular,7187,R11
1215,1,0.45,E,5,0,37,60,B12,Regular,7187,R11
1216,1,0.24,F,9,0,69,50,B12,Regular,27000,R11
1219,1,0.79,E,9,0,24,95,B12,Regular,3688,R82
1221,1,0.74,E,5,0,63,50,B12,Regular,3317,R93
1223,1,0.05,E,5,0,63,50,B12,Regular,3317,R93
1226,1,0.79,B,7,7,28,80,B12,Diesel,65,R21
1228,1,0.71,D,6,0,75,50,B12,Regular,533,R93
1230,1,0.07,D,6,0,75,50,B12,Regular,533,R93
1232,1,0.81,E,4,1,36,58,B12,Regular,2618,R22
1235,1,0.11,D,7,4,37,76,B3,Regular,726,R91
1237,1,0.08,D,6,4,37,76,B3,Regular,726,R91
1238,1,0.6,D,6,4,37,76,B3,Regular,726,R91
1239,2,0.55,E,5,0,45,50,B12,Regular,3193,R11
1240,1,0.22,E,5,0,45,62,B12,Regular,3193,R11
1243,2,0.79,D,6,5,23,95,B3,Regular,1322,R25
1245,1,0.01,F,6,0,52,57,B12,Regular,10155,R11
1246,1,0.72,F,6,0,52,57,B12,Regular,10155,R11
1248,1,0.04,F,6,0,52,57,B12,Regular,10155,R11
1250,1,0.79,D,6,2,26,72,B12,Diesel,539,R74
1253,1,0.17,C,5,0,28,90,B12,Regular,366,R82
1254,1,0.62,C,5,0,28,90,B12,Regular,366,R82
1258,1,0.79,A,4,1,58,50,B12,Regular,43,R54
1260,1,0.47,E,7,0,46,86,B12,Diesel,4128,R52
1261,1,0.32,E,7,0,46,74,B12,Diesel,4128,R52
1264,1,0.02,F,9,0,43,50,B12,Regular,27000,R11
1265,1,0.08,F,9,0,43,50,B12,Regular,27000,R11
1266,1,0.68,F,9,0,43,50,B12,Regular,27000,R11
1268,1,0.03,C,6,1,44,50,B12,Diesel,301,R93
1270,1,0.07,C,6,1,44,50,B12,Diesel,301,R93
1271,2,0.68,C,6,1,44,50,B12,Diesel,301,R93
1273,1,0.56,C,4,0,49,50,B12,Regular,127,R72
1275,1,0.04,C,4,0,49,50,B12,Regular,127,R72
1276,1,0.18,C,4,0,49,50,B12,Regular,127,R72
1278,1,0.79,B,4,0,23,85,B12,Regular,88,R23
1282,1,0.09,E,10,0,36,68,B12,Diesel,3366,R11
1283,1,0.69,E,10,0,36,68,B12,Diesel,3366,R11
1286,1,0.62,E,4,0,32,85,B12,Regular,2674,R93
1287,1,0.16,E,4,0,32,72,B12,Regular,2674,R93
1288,1,0.7,C,11,3,52,75,B12,Diesel,104,R11
1290,1,0.66,B,7,0,28,60,B12,Regular,52,R72
1292,1,0.12,B,7,0,28,60,B12,Regular,52,R72
1295,1,0.08,E,5,0,36,50,B12,Regular,3274,R11
1296,1,0.5,E,5,0,36,50,B12,Regular,3274,R11
1297,1,0.2,E,5,0,36,50,B12,Regular,3274,R11
1299,1,0.74,D,6,0,76,50,B12,Regular,543,R91
1301,1,0.05,D,6,0,76,50,B12,Regular,543,R91
1303,1,0.03,B,11,0,39,50,B12,Diesel,55,R52
1304,1,0.76,B,11,0,39,50,B12,Diesel,55,R52
1306,1,0.49,E,10,0,38,50,B12,Regular,2715,R93
1308,1,0.03,E,11,4,38,50,B1,Diesel,2715,R93
1309,1,0.25,E,11,4,38,50,B1,Diesel,2715,R93
1311,1,0.79,B,5,0,32,59,B12,Regular,63,R54
1314,1,0.79,C,5,1,33,68,B12,Regular,288,R73
1316,1,0.72,E,9,0,69,50,B12,Regular,4762,R93
1318,2,0.07,E,9,0,69,50,B12,Regular,4762,R93
1322,1,0.16,E,8,4,67,72,B12,Regular,2674,R93
1323,1,0.62,E,8,4,67,72,B12,Regular,2674,R93
1325,1,0.65,C,8,0,48,50,B12,Regular,332,R72
1327,1,0.13,C,8,0,48,50,B12,Regular,332,R72
1330,1,0.79,C,10,1,53,80,B12,Diesel,203,R82
1333,1,0.03,C,10,8,31,50,B12,Regular,465,R82
1334,1,0.27,C,10,8,30,50,B12,Regular,465,R82
1335,1,0.48,C,10,8,30,50,B12,Regular,465,R82
1337,1,0.72,C,5,0,54,55,B12,Diesel,149,R26
1339,1,0.06,C,5,0,54,50,B12,Diesel,149,R26
1341,1,0.75,B,11,6,27,60,B1,Diesel,57,R91
1344,1,0.41,C,5,0,59,100,B12,Diesel,177,R93
1346,1,0.37,C,5,0,59,64,B12,Diesel,177,R93
1349,1,0.36,C,5,0,39,57,B12,Diesel,177,R93
1351,1,0.42,C,5,0,39,54,B12,Diesel,177,R93
1354,1,0.78,C,6,2,39,72,B12,Diesel,265,R31
1357,1,0.01,E,7,0,41,80,B12,Diesel,6257,R11
1358,1,0.77,E,7,0,41,80,B12,Diesel,6257,R11
1361,1,0.18,B,5,0,39,72,B12,Regular,80,R52
1362,1,0.6,B,5,0,39,72,B12,Regular,80,R52
1364,1,0.07,C,4,0,56,51,B12,Regular,228,R73
1366,1,0.75,C,4,0,56,51,B12,Regular,228,R73
1368,1,0.74,A,5,0,27,68,B12,Regular,40,R82
1370,1,0.04,A,5,0,27,68,B12,Regular,40,R82
1372,1,0.63,D,4,0,41,50,B12,Regular,824,R91
1374,1,0.15,D,4,0,41,50,B12,Regular,824,R91
1376,1,0.72,D,4,0,39,50,B12,Regular,1707,R31
1378,1,0.06,D,4,0,39,50,B12,Regular,1707,R31
1381,1,0.73,D,9,0,51,50,B12,Regular,1110,R82
1383,1,0.05,D,9,0,51,50,B12,Regular,1110,R82
1386,1,0.1,C,5,0,56,50,B12,Regular,323,R91
1387,1,0.68,C,5,0,56,50,B12,Regular,323,R91
1389,1,0.74,D,5,0,46,50,B12,Regular,1328,R82
1391,1,0.04,D,5,0,46,50,B12,Regular,1328,R82
1394,1,0.78,E,5,5,33,68,B5,Regular,7259,R31
1397,1,0.72,E,4,0,36,60,B12,Regular,3301,R73
1399,1,0.06,E,4,0,36,60,B12,Regular,3301,R73
1402,1,0.08,D,7,0,62,77,B12,Diesel,563,R52
1403,1,0.7,D,7,0,62,77,B12,Diesel,563,R52
1405,1,0.32,E,7,10,35,95,B2,Regular,9422,R11
1406,1,0.25,E,7,10,35,95,B2,Regular,9422,R11
1407,1,0.21,E,7,10,35,95,B2,Regular,9422,R11
1409,1,0.56,B,11,3,53,50,B1,Diesel,98,R25
1410,1,0.15,B,11,3,53,50,B1,Diesel,98,R25
1412,1,0.06,B,11,3,53,50,B1,Diesel,98,R25
1416,1,0.03,D,9,0,36,50,B12,Diesel,688,R11
1417,1,0.69,D,9,0,36,50,B12,Diesel,688,R11
1419,1,0.05,D,9,0,36,50,B12,Diesel,688,R11
1421,1,0.78,D,6,6,30,100,B12,Diesel,824,R91
1423,1,0.22,D,4,7,49,50,B2,Regular,604,R91
1425,1,0.46,D,4,0,49,50,B12,Regular,604,R91
1427,1,0.05,D,4,0,49,50,B12,Regular,604,R91
1429,1,0.74,E,6,4,44,50,B12,Diesel,5746,R11
1430,1,0.07,E,6,4,44,50,B12,Diesel,5746,R11
1434,1,0.1,E,7,0,34,95,B12,Diesel,8346,R11
1435,2,0.68,E,7,0,34,90,B12,Diesel,8346,R11
1437,1,0.75,B,4,4,46,50,B6,Regular,56,R11
1440,1,0.72,B,8,6,46,50,B12,Regular,56,R11
1442,1,0.03,B,10,6,46,50,B12,Regular,56,R11
1445,1,0.3,D,5,0,22,95,B12,Regular,824,R91
1447,1,0.26,D,5,0,51,50,B12,Regular,824,R91
1448,1,0.24,D,5,0,51,50,B12,Regular,824,R91
1450,1,0.65,E,7,0,39,50,B12,Diesel,3021,R53
1453,1,0.12,E,7,0,39,50,B12,Diesel,3021,R53
1457,1,0.62,E,4,0,25,80,B12,Regular,9307,R82
1458,1,0.15,E,4,0,25,85,B12,Regular,9307,R82
1461,2,0.78,B,6,0,61,50,B12,Regular,53,R82
1464,1,0.78,D,7,2,38,118,B12,Regular,1662,R11
1466,1,0.02,C,6,0,63,50,B12,Diesel,107,R91
1468,1,0.7,C,6,0,63,50,B12,Diesel,107,R91
1469,1,0.05,C,6,0,63,50,B12,Diesel,107,R91
1472,1,0.78,E,7,5,25,76,B1,Diesel,4128,R52
1473,1,0.41,D,6,4,25,95,B12,Regular,665,R41
1476,1,0.77,B,7,6,25,90,B12,Regular,67,R91
1478,1,0.31,D,7,0,47,50,B12,Diesel,670,R82
1480,1,0.45,D,7,0,47,50,B12,Diesel,670,R82
1483,1,0.78,C,7,0,53,73,B12,Diesel,116,R82
1486,1,0.59,E,7,2,39,64,B12,Regular,4348,R72
1487,2,0.18,E,7,2,39,64,B12,Regular,4348,R72
1489,1,0.00273224,D,8,0,49,50,B12,Regular,645,R11
1490,1,0.72,D,8,0,49,50,B12,Regular,645,R11
1492,1,0.05,D,8,0,49,50,B12,Regular,645,R11
1493,1,0.08,A,7,4,28,100,B3,Regular,46,R82
1495,1,0.77,B,7,8,60,90,B12,Diesel,63,R31
1497,1,0.65,C,5,0,48,50,B12,Regular,161,R93
1499,1,0.12,C,5,0,48,50,B12,Regular,161,R93
1503,1,0.77,E,7,0,76,50,B12,Regular,4998,R11
1505,1,0.8,B,7,1,43,50,B12,Diesel,93,R91
1510,1,0.77,D,4,0,42,72,B12,Regular,573,R41
1513,1,0.16,D,4,0,46,50,B12,Regular,1448,R93
1514,1,0.59,D,4,0,46,50,B12,Regular,1448,R93
1515,1,0.01,D,4,0,46,50,B12,Regular,1448,R93
1517,1,0.81,C,5,1,60,68,B12,Diesel,384,R73
1522,1,0.09,D,9,0,42,58,B12,Regular,658,R93
1523,1,0.68,D,9,0,56,58,B12,Regular,658,R93
1525,1,0.77,D,7,4,27,72,B12,Regular,1217,R73
1528,1,0.03,B,6,0,49,50,B12,Diesel,54,R72
1530,1,0.22,B,6,0,49,50,B12,Diesel,54,R72
1531,1,0.51,B,6,0,49,50,B12,Diesel,54,R72
1534,1,0.62,B,4,0,47,50,B12,Regular,79,R91
1535,1,0.15,B,4,0,47,50,B12,Regular,79,R91
1537,1,0.77,D,9,8,39,58,B12,Diesel,620,R52
1539,1,0.02,E,5,0,27,85,B12,Regular,4762,R93
1541,1,0.62,E,5,0,27,90,B12,Regular,4762,R93
1542,1,0.12,E,5,0,27,85,B12,Regular,4762,R93
1544,1,0.1,D,10,0,58,50,B12,Diesel,844,R72
1545,1,0.64,D,10,0,58,50,B12,Diesel,844,R72
1547,1,0.18,D,10,0,58,50,B12,Diesel,844,R72
1551,1,0.09,D,11,0,39,50,B12,Diesel,778,R22
1552,2,0.59,D,11,0,39,56,B12,Diesel,778,R22
1554,1,0.09,D,15,0,39,56,B12,Regular,778,R22
1558,1,0.54,D,4,0,56,50,B12,Regular,988,R82
1559,1,0.24,D,4,0,56,50,B12,Regular,988,R82
1561,1,0.72,C,9,0,70,50,B12,Regular,245,R93
1563,1,0.04,C,9,0,70,50,B12,Regular,245,R93
1565,1,0.24,B,9,0,36,50,B12,Regular,76,R54
1567,1,0.53,B,4,0,36,50,B12,Regular,76,R54
1569,1,0.04,D,9,10,27,125,B2,Regular,1241,R26
1572,1,0.61,D,5,9,27,125,B5,Diesel,1241,R26
1573,1,0.11,D,8,10,27,125,B5,Regular,1241,R26
1576,1,0.77,D,6,5,34,50,B12,Regular,793,R11
1579,1,0.16,D,4,0,58,50,B12,Regular,568,R52
1580,1,0.6,D,4,0,58,50,B12,Regular,568,R52
1582,1,0.71,A,4,0,50,50,B12,Regular,34,R52
1584,1,0.06,A,4,0,50,50,B12,Regular,34,R52
1587,1,0.77,E,6,5,26,100,B12,Regular,4656,R11
1590,1,0.77,B,5,2,55,50,B12,Regular,76,R91
1592,1,0.02,C,12,5,64,50,B12,Diesel,402,R93
1594,1,0.53,C,12,5,64,50,B12,Diesel,402,R93
1596,1,0.09,C,12,5,64,50,B12,Diesel,402,R93
1597,1,0.12,C,12,5,64,50,B12,Diesel,402,R93
1599,1,0.74,C,5,0,31,60,B12,Regular,179,R82
1601,1,0.03,C,5,0,31,60,B12,Regular,179,R82
1602,1,0.74,C,10,0,53,70,B12,Diesel,127,R72
1605,1,0.77,E,5,0,55,50,B12,Regular,3301,R73
1608,1,0.62,D,8,3,59,50,B2,Diesel,539,R73
1609,1,0.15,D,8,3,59,50,B2,Diesel,539,R73
1611,1,0.47,F,4,0,64,67,B12,Regular,27000,R11
1613,1,0.23,F,4,0,64,67,B12,Regular,27000,R11
1614,2,0.06,F,4,0,64,67,B12,Regular,27000,R11
1617,1,0.65,D,5,0,54,50,B12,Regular,1976,R93
1619,1,0.11,D,5,0,54,50,B12,Regular,1976,R93
1622,1,0.17,E,4,0,54,50,B12,Regular,4998,R11
1623,1,0.6,E,4,0,54,50,B12,Regular,4998,R11
1625,1,0.74,D,8,0,25,100,B12,Diesel,1807,R11
1626,1,0.03,D,8,0,25,100,B12,Diesel,1807,R11
1628,1,0.08,C,7,0,69,50,B12,Regular,154,R93
1629,1,0.71,C,7,0,69,50,B12,Regular,154,R93
1632,1,0.73,D,4,0,61,50,B12,Regular,1110,R94
1634,1,0.03,D,4,0,61,50,B12,Regular,1110,R94
1637,1,0.13,C,6,1,42,53,B12,Regular,383,R93
1639,1,0.61,C,6,1,42,53,B12,Regular,383,R93
1640,1,0.53,A,11,3,70,50,B12,Regular,36,R93
1642,1,0.66,D,4,0,31,90,B12,Regular,675,R91
1645,1,0.1,D,4,0,31,90,B12,Regular,675,R91
1648,1,0.09,A,5,0,60,50,B12,Regular,46,R82
1649,1,0.68,A,5,0,60,50,B12,Regular,46,R82
1652,1,0.08,C,4,0,44,50,B12,Regular,175,R72
1653,3,0.68,C,4,0,44,50,B12,Regular,175,R72
1658,1,0.77,A,6,0,60,50,B12,Regular,22,R54
1660,1,0.75,C,4,0,40,50,B12,Regular,383,R93
1665,2,0.77,C,9,3,56,50,B12,Regular,230,R91
1668,1,0.26,D,9,0,35,67,B12,Regular,1139,R11
1669,1,0.5,D,9,0,35,67,B12,Regular,1139,R11
1671,1,0.73,E,6,0,74,50,B12,Regular,3132,R11
1672,1,0.07,E,6,0,74,50,B12,Regular,3132,R11
1676,1,0.02,B,5,0,43,50,B12,Regular,55,R72
1677,1,0.52,B,5,0,43,50,B12,Regular,55,R72
1678,1,0.22,B,5,0,43,50,B12,Regular,55,R72
1681,1,0.77,C,9,1,26,95,B12,Regular,492,R82
1683,1,0.02,E,6,8,24,120,B12,Regular,2399,R24
1685,1,0.7,E,6,8,24,118,B12,Regular,2399,R24
1686,1,0.04,E,6,8,24,120,B12,Regular,2399,R24
1689,1,0.77,B,4,1,70,50,B12,Regular,75,R74
1692,1,0.08,A,5,0,49,50,B12,Regular,42,R94
1693,1,0.68,A,5,0,49,50,B12,Regular,42,R94
1696,1,0.02,D,4,0,31,90,B12,Regular,1957,R11
1697,1,0.07,D,4,0,31,90,B12,Regular,1957,R11
1698,1,0.67,D,4,0,31,100,B12,Regular,1957,R11
1700,1,0.63,D,10,10,51,50,B12,Diesel,1457,R52
1702,1,0.13,D,10,10,51,50,B12,Diesel,1457,R52
1704,1,0.72,B,4,8,43,50,B2,Regular,94,R52
1707,1,0.72,C,7,0,69,50,B12,Diesel,238,R73
1709,1,0.04,C,7,0,69,50,B12,Diesel,238,R73
1712,1,0.75,E,4,0,46,118,B12,Regular,6617,R11
1716,1,0.67,C,8,0,54,50,B12,Regular,421,R93
1717,1,0.09,C,8,0,54,50,B12,Regular,421,R93
1720,1,0.76,E,5,2,30,100,B2,Regular,4972,R42
1723,1,0.7,C,5,0,68,50,B12,Diesel,146,R91
1724,1,0.06,C,5,0,68,50,B12,Diesel,146,R91
1727,1,0.76,A,12,9,51,50,B12,Regular,17,R53
1729,1,0.64,B,10,0,43,50,B12,Diesel,76,R91
1731,1,0.12,B,10,0,43,50,B12,Diesel,76,R91
1732,1,0.02,C,5,1,59,50,B12,Regular,280,R72
1733,1,0.17,C,5,1,59,50,B12,Regular,280,R72
1734,1,0.22,C,5,1,59,50,B12,Regular,280,R72
1737,1,0.26,E,4,0,29,80,B12,Regular,4456,R72
1738,1,0.15,E,4,0,29,80,B12,Regular,4456,R72
1739,1,0.34,E,4,0,29,80,B12,Regular,4456,R72
1741,1,0.65,E,6,8,49,100,B1,Regular,9082,R11
1743,1,0.1,E,6,8,49,100,B1,Regular,9082,R11
1745,1,0.03,D,6,9,41,61,B12,Regular,1021,R25
1746,1,0.71,D,6,9,41,61,B12,Regular,1021,R25
1752,1,0.76,D,7,6,41,50,B12,Regular,1247,R73
1754,1,0.11,A,10,1,47,50,B12,Diesel,38,R41
1755,1,0.72,A,10,1,47,50,B12,Diesel,38,R41
1758,1,0.57,B,4,5,59,50,B2,Regular,76,R91
1760,1,0.18,B,4,5,59,50,B2,Regular,76,R91
1763,1,0.68,D,5,0,59,64,B12,Regular,824,R91
1764,1,0.08,D,5,0,59,64,B12,Regular,824,R91
1767,1,0.69,D,11,10,34,64,B12,Diesel,581,R93
1768,1,0.52,C,5,4,22,90,B2,Regular,217,R43
1769,1,0.19,C,5,4,22,90,B2,Regular,217,R43
1771,1,0.64,A,9,0,63,50,B12,Regular,17,R72
1773,1,0.11,A,9,0,63,50,B12,Regular,17,R72
1775,1,0.03,D,4,0,34,60,B12,Regular,1082,R82
1777,1,0.7,D,4,0,34,60,B12,Regular,1082,R82
1779,1,0.71,C,5,0,43,50,B12,Regular,255,R91
1781,1,0.04,C,5,0,43,50,B12,Regular,255,R91
1785,1,0.52,D,4,0,36,50,B12,Regular,634,R91
1786,1,0.18,D,4,0,31,50,B12,Regular,634,R91
1787,1,0.05,D,4,0,36,50,B12,Regular,634,R91
1789,1,0.31,C,4,0,34,54,B12,Regular,154,R93
1792,1,0.21,C,4,0,34,54,B12,Regular,154,R93
1793,1,0.23,C,4,0,34,54,B12,Regular,154,R93
1794,1,0.15,A,7,5,47,50,B2,Diesel,38,R41
1795,1,0.06,A,7,5,47,50,B2,Diesel,38,R41
1799,1,0.69,D,4,0,24,100,B12,Regular,1489,R52
1801,1,0.06,D,4,0,24,100,B12,Regular,1489,R52
1804,1,0.67,C,7,0,40,50,B12,Diesel,143,R74
1805,1,0.08,C,7,0,40,50,B12,Diesel,143,R74
1807,1,0.65,A,9,3,25,76,B12,Regular,38,R11
1809,1,0.1,A,9,3,25,76,B12,Regular,38,R11
1811,1,0.62,C,5,0,42,50,B12,Regular,330,R82
1812,1,0.13,C,5,0,42,50,B12,Regular,330,R82
1817,1,0.7,C,9,0,45,54,B12,Regular,276,R42
1818,1,0.05,C,9,0,45,54,B12,Regular,276,R42
1820,1,0.49,D,5,0,50,50,B12,Regular,1408,R52
1821,1,0.14,D,5,0,50,50,B12,Regular,1408,R52
1823,1,0.11,D,5,0,50,50,B12,Regular,1408,R52
1825,1,0.75,C,5,3,44,50,B1,Regular,127,R72
1829,1,0.75,C,4,9,32,100,B12,Regular,184,R54
1832,1,0.75,C,6,3,37,64,B12,Regular,235,R41
1836,1,0.75,E,9,1,73,50,B12,Regular,3744,R93
1838,1,0.64,E,5,0,26,100,B12,Regular,5746,R11
1840,1,0.11,E,5,0,26,100,B12,Regular,5746,R11
1842,1,0.68,C,6,0,79,70,B12,Diesel,183,R91
1844,1,0.07,C,6,0,79,70,B12,Diesel,183,R91
1846,1,0.08,D,7,0,27,100,B12,Regular,779,R82
1848,1,0.62,D,7,0,27,100,B12,Regular,779,R82
1852,1,0.11,D,5,0,47,50,B12,Regular,709,R93
1853,1,0.69,D,5,0,47,50,B12,Regular,709,R93
1856,1,0.68,E,11,0,58,50,B12,Diesel,6913,R11
1857,1,0.07,E,11,0,58,50,B12,Diesel,6913,R11
1860,1,0.6,C,5,0,40,50,B12,Regular,125,R82
1861,1,0.14,C,5,0,40,50,B12,Regular,125,R82
1862,1,0.55,D,10,10,71,50,B12,Diesel,657,R93
1863,1,0.1,D,4,10,71,50,B6,Regular,657,R93
1866,1,0.75,A,5,0,31,69,B12,Regular,33,R93
1868,1,0.64,C,5,0,52,50,B12,Regular,428,R73
1870,1,0.11,C,5,0,52,50,B12,Regular,428,R73
1876,1,0.75,A,4,7,27,68,B4,Regular,40,R22
1878,1,0.71,E,5,0,47,50,B12,Regular,3317,R93
1880,1,0.03,E,5,0,47,50,B12,Regular,3317,R93
1883,1,0.75,E,4,1,47,50,B12,Regular,4762,R93
1886,1,0.68,A,5,0,60,50,B12,Diesel,4,R82
1887,1,0.07,A,5,0,60,50,B12,Diesel,4,R82
1889,1,0.05,E,5,0,26,100,B12,Regular,3023,R11
1891,1,0.69,E,5,0,26,100,B12,Regular,3023,R11
1894,1,0.53,E,4,0,22,100,B12,Regular,7259,R31
1895,1,0.24,E,4,0,22,95,B12,Regular,7259,R31
1898,1,0.68,E,7,5,33,50,B12,Regular,6689,R11
1899,1,0.07,E,7,5,33,50,B12,Regular,6689,R11
1901,1,0.72,C,6,1,74,50,B12,Diesel,458,R93
1903,1,0.02,C,6,1,74,50,B12,Diesel,458,R93
1905,1,0.08,C,5,0,33,50,B12,Regular,185,R93
1906,1,0.66,C,5,0,33,50,B12,Regular,185,R93
1908,1,0.00273224,C,5,0,33,67,B12,Regular,185,R93
1910,1,0.75,E,7,7,30,54,B2,Regular,3132,R11
1913,1,0.75,E,6,1,38,85,B12,Regular,2949,R31
1916,2,0.42,C,6,0,49,50,B12,Diesel,177,R93
1917,1,0.32,C,6,0,49,50,B12,Diesel,177,R93
1919,2,0.75,A,4,0,63,72,B12,Regular,41,R91
1921,1,0.00273224,A,4,0,63,50,B12,Regular,41,R91
1923,1,0.47,E,4,0,40,50,B12,Regular,3744,R93
1925,2,0.28,E,4,0,40,50,B12,Regular,3744,R93
1929,1,0.62,E,5,4,23,80,B6,Diesel,2001,R83
1930,1,0.12,E,5,4,23,80,B6,Diesel,2001,R83
1933,1,0.09,C,4,1,32,78,B12,Regular,252,R21
1935,1,0.6,C,4,1,32,62,B12,Regular,252,R21
1937,1,0.05,C,4,1,32,78,B12,Regular,252,R21
1940,1,0.67,B,8,4,56,50,B14,Regular,66,R93
1941,1,0.07,B,8,4,56,50,B14,Regular,66,R93
1943,1,0.008196721,E,5,0,29,75,B12,Regular,2178,R11
1944,1,0.63,E,5,0,29,75,B12,Regular,2178,R11
1945,1,0.1,E,5,0,29,75,B12,Regular,2178,R11
1948,1,0.69,C,5,0,48,50,B12,Regular,161,R82
1949,1,0.05,C,5,0,48,50,B12,Regular,161,R82
1951,1,0.72,E,5,0,53,50,B12,Regular,3302,R11
1953,1,0.03,E,5,0,53,50,B12,Regular,3302,R11
1954,3,0.45,B,4,0,28,72,B12,Regular,53,R93
1955,1,0.18,B,4,0,28,72,B12,Regular,53,R93
1957,1,0.75,E,10,10,34,100,B1,Regular,6570,R11
1959,2,0.04,C,5,0,72,50,B12,Regular,134,R91
1961,1,0.7,C,5,0,72,50,B12,Regular,134,R91
1963,1,0.1,E,9,0,78,50,B12,Regular,2580,R72
1964,1,0.64,E,9,0,78,50,B12,Regular,2580,R72
1967,1,0.75,F,10,8,50,51,B12,Regular,27000,R11
1970,1,0.75,D,6,2,25,100,B12,Regular,1005,R73
1973,1,0.66,D,10,0,45,50,B12,Diesel,1241,R26
1974,1,0.06,D,10,0,45,50,B12,Diesel,1241,R26
1977,1,0.09,E,5,0,77,50,B12,Regular,7049,R11
1978,1,0.66,E,5,0,77,50,B12,Regular,7049,R11
1981,1,0.2,D,5,0,39,50,B12,Regular,824,R91
1983,1,0.54,D,5,0,39,50,B12,Regular,824,R91
1986,1,0.1,E,7,5,54,50,B12,Diesel,5912,R41
1987,1,0.43,E,7,5,54,50,B12,Diesel,5912,R41
1988,1,0.13,D,5,0,45,50,B12,Regular,1271,R91
1991,1,0.08,C,5,0,52,100,B12,Regular,122,R11
1992,1,0.6,C,5,0,52,100,B12,Regular,122,R11
1994,1,0.17,C,5,0,55,50,B12,Regular,116,R93
1995,1,0.56,C,5,0,55,50,B12,Regular,116,R93
1998,1,0.06,D,7,4,45,50,B12,Regular,1516,R72
2000,1,0.68,D,7,4,45,50,B12,Regular,1516,R72
2002,1,0.00273224,D,6,0,30,64,B12,Diesel,572,R93
2003,1,0.07,D,6,0,30,64,B12,Diesel,572,R93
2004,1,0.66,D,6,0,30,60,B12,Diesel,572,R93
2007,1,0.74,D,6,0,70,50,B12,Regular,721,R93
2010,1,0.11,D,5,0,69,50,B12,Regular,818,R31
2012,1,0.62,D,5,0,69,50,B12,Regular,818,R31
2014,1,0.08,B,7,0,33,50,B12,Diesel,50,R11
2015,1,0.27,B,7,0,33,50,B12,Diesel,50,R11
2016,2,0.39,B,7,0,33,50,B12,Diesel,50,R11
2019,1,0.1,E,5,0,53,50,B12,Regular,3991,R21
2020,1,0.64,E,5,0,53,50,B12,Regular,3991,R21
2023,1,0.24,B,6,0,48,68,B12,Regular,67,R94
2024,1,0.49,B,6,0,48,59,B12,Regular,67,R94
2026,1,0.1,D,7,4,33,68,B1,Diesel,1929,R11
2027,1,0.52,D,7,4,33,68,B1,Diesel,1929,R11
2029,1,0.08,C,9,0,41,50,B12,Regular,134,R41
2030,1,0.65,C,9,0,41,50,B12,Regular,134,R41
2032,1,0.74,C,4,0,47,55,B12,Regular,145,R73
2035,1,0.09,A,10,0,67,50,B12,Diesel,24,R26
2036,1,0.64,A,10,0,67,50,B12,Diesel,24,R26
2039,1,0.06,E,4,0,63,50,B12,Regular,9802,R11
2041,1,0.68,E,4,0,63,50,B12,Regular,9802,R11
2043,1,0.09,A,4,0,37,68,B12,Regular,48,R72
2044,1,0.65,A,4,0,37,51,B12,Regular,48,R72
2049,1,0.74,E,6,7,33,76,B12,Regular,3132,R11
2053,1,0.74,E,4,0,34,50,B12,Regular,2703,R31
2055,1,0.19,F,5,0,29,85,B12,Regular,14368,R11
2056,1,0.54,F,5,0,29,85,B12,Regular,14368,R11
2058,1,0.55,C,9,1,51,70,B12,Regular,480,R22
2060,1,0.54,C,5,0,41,50,B12,Regular,353,R11
2062,1,0.19,C,5,0,41,50,B12,Regular,353,R11
2064,1,0.55,C,5,0,30,90,B12,Regular,145,R82
2066,1,0.17,C,5,0,30,100,B12,Regular,145,R82
2067,1,0.14,C,5,0,30,100,B12,Regular,145,R82
2069,1,0.55,F,5,0,69,50,B12,Regular,27000,R11
2071,1,0.18,F,5,0,69,50,B12,Regular,27000,R11
2073,1,0.66,D,6,0,67,50,B12,Diesel,1322,R25
2074,1,0.07,D,6,0,67,50,B12,Diesel,1322,R25
